Date,Tank,Experiment,Aquarium,Substrate,NutLevel,NN,Time,Flow,TankTA,HeaderTA,TankTemp ,TankpH,TankSalinity,HeaderTemp,HeaderpH,HeaderSalinity,TankP,TankN,TankSi,HeaderP,HeaderSi,HeaderN
12/3/2015,1,1,1,Coral,Ambient,0,10:00,34,2103.766843,2171.558766,25.53,8.024342366,38.08799562,25.11,7.966244194,38.36805245,0.03,2.37,0.95,0.03,2.29,0.18
12/3/2015,1,1,2,Algae,Ambient,0,10:00,36,2165.633498,2171.558766,26.15,8.155093758,38.16186652,25.11,7.966244194,38.36805245,0.01,1.1,0.12,0.03,2.29,0.18
12/3/2015,1,1,3,Rubble,Ambient,0,10:00,33,2161.803067,2171.558766,25.86,7.992578323,38.18266077,25.11,7.966244194,38.36805245,0.008,1.94,0.24,0.03,2.29,0.18
12/3/2015,1,1,4,Sand,Ambient,0,10:00,36,2162.883505,2171.558766,25.6,7.967655389,38.17810719,25.11,7.966244194,38.36805245,0.03,1.57,0.08,0.03,2.29,0.18
12/3/2015,1,1,5,Coral,Med,3,10:00,31,2124.133938,2179.256796,25.5,7.985965897,38.26231507,25.07,7.968507919,38.32686858,1.26,3.68,0.91,0.09,2.76,4.65
12/3/2015,1,1,6,Algae,Med,3,10:00,29,2165.779303,2179.256796,26.03,8.166999157,38.40986787,25.07,7.968507919,38.32686858,0.18,2.25,0.64,0.09,2.76,4.65
12/3/2015,1,1,7,Rubble,Med,3,10:00,29,2177.347042,2179.256796,25.64,7.972141495,38.2932616,25.07,7.968507919,38.32686858,0.11,3.24,1.57,0.09,2.76,4.65
12/3/2015,1,1,8,Sand,Med,3,10:00,24,2160.098478,2179.256796,25.55,7.985245318,38.32450105,25.07,7.968507919,38.32686858,0.12,3.84,1.52,0.09,2.76,4.65
12/3/2015,1,1,9,Coral,High,6,10:00,31,2106.921913,2174.446045,25.67,8.056037983,38.19365803,25,7.983035313,37.70938204,2.59,1.75,2.47,1.21,1.67,7.52
12/3/2015,1,1,10,Algae,High,6,10:00,29,2163.526474,2174.446045,25.77,8.133814675,38.18397445,25,7.983035313,37.70938204,1.68,1.33,1.12,1.21,1.67,7.52
12/3/2015,1,1,11,Rubble,High,6,10:00,27,2167.043519,2174.446045,25.87,8.022771542,37.80440516,25,7.983035313,37.70938204,1.84,1.43,1.66,1.21,1.67,7.52
12/3/2015,1,1,12,Sand,High,6,10:00,34,2166.045163,2174.446045,25.72,7.999658781,38.15169347,25,7.983035313,37.70938204,2.25,1.87,4.28,1.21,1.67,7.52
12/3/2015,2,1,13,Coral,Ambient,0,10:00,36,2117.147032,2171.558766,25.37,7.955763232,37.92384187,25.11,7.966244194,38.36805245,0.03,2.37,0.95,0.03,2.29,0.18
12/3/2015,2,1,14,Algae,Ambient,0,10:00,37,2171.263183,2171.558766,25.44,8.069535327,37.56733051,25.11,7.966244194,38.36805245,0.01,1.1,0.12,0.03,2.29,0.18
12/3/2015,2,1,15,Rubble,Ambient,0,10:00,37,2177.639378,2171.558766,25.22,7.969733913,38.27466752,25.11,7.966244194,38.36805245,0.008,1.94,0.24,0.03,2.29,0.18
12/3/2015,2,1,16,Sand,Ambient,0,10:00,38,2170.716988,2171.558766,25.48,7.955876946,38.4284873,25.11,7.966244194,38.36805245,0.03,1.57,0.08,0.03,2.29,0.18
12/3/2015,2,1,17,Coral,Med,3,10:00,31,2137.659387,2179.256796,25.75,7.946955943,37.75590881,25.07,7.968507919,38.32686858,1.26,3.68,0.91,0.09,2.76,4.65
12/3/2015,2,1,18,Algae,Med,3,10:00,31,2171.421658,2179.256796,25.35,8.064104353,38.46406513,25.07,7.968507919,38.32686858,0.18,2.25,0.64,0.09,2.76,4.65
12/3/2015,2,1,19,Rubble,Med,3,10:00,30,2169.791028,2179.256796,25.33,7.93438556,38.40618151,25.07,7.968507919,38.32686858,0.11,3.24,1.57,0.09,2.76,4.65
12/3/2015,2,1,20,Sand,Med,3,10:00,27,2160.607437,2179.256796,25.4,7.962086236,38.19736681,25.07,7.968507919,38.32686858,0.12,3.84,1.52,0.09,2.76,4.65
12/3/2015,2,1,21,Coral,High,6,10:00,28,2139.425164,2174.446045,25.45,7.990062164,38.29741418,25,7.983035313,37.70938204,2.59,1.75,2.47,1.21,1.67,7.52
12/3/2015,2,1,22,Algae,High,6,10:00,31,2164.013713,2174.446045,25.56,8.067772589,38.28625175,25,7.983035313,37.70938204,1.68,1.33,1.12,1.21,1.67,7.52
12/3/2015,2,1,23,Rubble,High,6,10:00,29,2163.855363,2174.446045,25.41,7.977135086,38.47760909,25,7.983035313,37.70938204,1.84,1.43,1.66,1.21,1.67,7.52
12/3/2015,2,1,24,Sand,High,6,10:00,30,2170.324436,2174.446045,25.3,7.997292442,38.43166336,25,7.983035313,37.70938204,2.25,1.87,4.28,1.21,1.67,7.52
12/3/2015,3,1,25,Coral,Ambient,0,10:00,30,2116.438576,2171.558766,25.19,7.978610934,38.07508403,25.11,7.966244194,38.36805245,0.03,2.37,0.95,0.03,2.29,0.18
12/3/2015,3,1,26,Algae,Ambient,0,10:00,38,2160.462802,2171.558766,25.1,7.944420583,38.22621686,25.11,7.966244194,38.36805245,0.01,1.1,0.12,0.03,2.29,0.18
12/3/2015,3,1,27,Rubble,Ambient,0,10:00,32,2165.51524,2171.558766,25.22,7.996759409,38.36805245,25.11,7.966244194,38.36805245,0.008,1.94,0.24,0.03,2.29,0.18
12/3/2015,3,1,28,Sand,Ambient,0,10:00,32,2160.449052,2171.558766,25.14,7.959055715,38.19233982,25.11,7.966244194,38.36805245,0.03,1.57,0.08,0.03,2.29,0.18
12/3/2015,3,1,29,Coral,Med,3,10:00,28,2133.867524,2179.256796,25.17,8.000860553,38.3170682,25.07,7.968507919,38.32686858,1.26,3.68,0.91,0.09,2.76,4.65
12/3/2015,3,1,30,Algae,Med,3,10:00,27,2165.533694,2179.256796,25.24,7.994781502,38.33269834,25.07,7.968507919,38.32686858,0.18,2.25,0.64,0.09,2.76,4.65
12/3/2015,3,1,31,Rubble,Med,3,10:00,30,2187.862407,2179.256796,25.18,7.955104314,38.23353476,25.07,7.968507919,38.32686858,0.11,3.24,1.57,0.09,2.76,4.65
12/3/2015,3,1,32,Sand,Med,3,10:00,27,2166.997997,2179.256796,25.15,7.94370711,38.40917403,25.07,7.968507919,38.32686858,0.12,3.84,1.52,0.09,2.76,4.65
12/3/2015,3,1,33,Coral,High,6,10:00,32,2145.801704,2174.446045,25.15,8.016355174,38.25895185,25,7.983035313,37.70938204,2.59,1.75,2.47,1.21,1.67,7.52
12/3/2015,3,1,34,Algae,High,6,10:00,29,2167.088624,2174.446045,25.28,8.029667756,38.14901411,25,7.983035313,37.70938204,1.68,1.33,1.12,1.21,1.67,7.52
12/3/2015,3,1,35,Rubble,High,6,10:00,29,2157.639884,2174.446045,25.1,7.914004668,38.37656082,25,7.983035313,37.70938204,1.84,1.43,1.66,1.21,1.67,7.52
12/3/2015,3,1,36,Sand,High,6,10:00,30,2164.728551,2174.446045,25.18,7.982133434,38.23353476,25,7.983035313,37.70938204,2.25,1.87,4.28,1.21,1.67,7.52
12/3/2015,1,1,1,Coral,Ambient,0,14:00,,2067.997975,2183.870178,26.78,8.164146237,38.07867907,26.05,7.967938601,38.31921336,0.21,2.07,0.42,0.22,2.6,0.38
12/3/2015,1,1,2,Algae,Ambient,0,14:00,,2170.841558,2183.870178,27.25,8.321504821,38.34328405,26.05,7.967938601,38.31921336,0.18,1.33,0.48,0.22,2.6,0.38
12/3/2015,1,1,3,Rubble,Ambient,0,14:00,,2142.727388,2183.870178,27.07,8.080894517,38.05775212,26.05,7.967938601,38.31921336,0.08,1.74,0.48,0.22,2.6,0.38
12/3/2015,1,1,4,Sand,Ambient,0,14:00,,2143.825828,2183.870178,26.99,7.991400958,38.34106099,26.05,7.967938601,38.31921336,0.24,2.16,0.24,0.22,2.6,0.38
12/3/2015,1,1,5,Coral,Med,3,14:00,,2090.859574,2174.952069,26.95,8.171669889,38.30160155,26.07,7.967651472,38.30245055,0.8,3.21,0.84,1.12,2.79,5.1
12/3/2015,1,1,6,Algae,Med,3,14:00,,2168.852862,2174.952069,27.37,8.376657911,38.24448527,26.07,7.967651472,38.30245055,0.22,2.29,0.42,1.12,2.79,5.1
12/3/2015,1,1,7,Rubble,Med,3,14:00,,2171.212266,2174.952069,27.08,8.114319668,38.33907704,26.07,7.967651472,38.30245055,0.58,3.26,2.15,1.12,2.79,5.1
12/3/2015,1,1,8,Sand,Med,3,14:00,,2147.428272,2174.952069,26.87,8.097282412,38.2951956,26.07,7.967651472,38.30245055,0.78,2.98,0.72,1.12,2.79,5.1
12/3/2015,1,1,9,Coral,High,6,14:00,,2072.949007,2170.434693,26.99,8.256703892,38.26852093,26.03,7.974963827,38.26213334,1.61,1.92,2.35,2.26,2.8,10.1
12/3/2015,1,1,10,Algae,High,6,14:00,,2174.430165,2170.434693,27.31,8.186384597,38.1496645,26.03,7.974963827,38.26213334,1.38,1.87,1.39,2.26,2.8,10.1
12/3/2015,1,1,11,Rubble,High,6,14:00,,2131.945522,2170.434693,27.46,8.236092239,38.24254469,26.03,7.974963827,38.26213334,2,3.36,6.02,2.26,2.8,10.1
12/3/2015,1,1,12,Sand,High,6,14:00,,2134.768879,2170.434693,27.06,8.144834109,38.35562219,26.03,7.974963827,38.26213334,1.33,1.9,2.79,2.26,2.8,10.1
12/3/2015,2,1,13,Coral,Ambient,0,14:00,,2071.307946,2183.870178,26.97,8.137784116,37.92254648,26.05,7.967938601,38.31921336,0.21,2.07,0.42,0.22,2.6,0.38
12/3/2015,2,1,14,Algae,Ambient,0,14:00,,2175.715984,2183.870178,26.56,8.184266659,38.18771503,26.05,7.967938601,38.31921336,0.18,1.33,0.48,0.22,2.6,0.38
12/3/2015,2,1,15,Rubble,Ambient,0,14:00,,2162.964517,2183.870178,26.72,8.04908294,38.05537112,26.05,7.967938601,38.31921336,0.08,1.74,0.48,0.22,2.6,0.38
12/3/2015,2,1,16,Sand,Ambient,0,14:00,,2163.204085,2183.870178,26.92,7.990732635,37.96352989,26.05,7.967938601,38.31921336,0.24,2.16,0.24,0.22,2.6,0.38
12/3/2015,2,1,17,Coral,Med,3,14:00,,2114.168413,2174.952069,26.47,8.099839965,38.18927499,26.07,7.967651472,38.30245055,0.8,3.21,0.84,1.12,2.79,5.1
12/3/2015,2,1,18,Algae,Med,3,14:00,,2157.83537,2174.952069,26.7,8.27123548,38.07187209,26.07,7.967651472,38.30245055,0.22,2.29,0.42,1.12,2.79,5.1
12/3/2015,2,1,19,Rubble,Med,3,14:00,,2147.407926,2174.952069,26.7,8.044333357,38.07187209,26.07,7.967651472,38.30245055,0.58,3.26,2.15,1.12,2.79,5.1
12/3/2015,2,1,20,Sand,Med,3,14:00,,2159.598481,2174.952069,26.71,8.047548581,37.99079077,26.07,7.967651472,38.30245055,0.78,2.98,0.72,1.12,2.79,5.1
12/3/2015,2,1,21,Coral,High,6,14:00,,2115.289377,2170.434693,27.01,8.229533004,38.32450626,26.03,7.974963827,38.26213334,1.61,1.92,2.35,2.26,2.8,10.1
12/3/2015,2,1,22,Algae,High,6,14:00,,2179.05677,2170.434693,27.31,8.396052617,38.1496645,26.03,7.974963827,38.26213334,1.38,1.87,1.39,2.26,2.8,10.1
12/3/2015,2,1,23,Rubble,High,6,14:00,,2153.303932,2170.434693,26.71,8.099650294,38.06362011,26.03,7.974963827,38.26213334,2,3.36,6.02,2.26,2.8,10.1
12/3/2015,2,1,24,Sand,High,6,14:00,,2171.633202,2170.434693,26.42,8.100580068,38.30414912,26.03,7.974963827,38.26213334,1.33,1.9,2.79,2.26,2.8,10.1
12/3/2015,3,1,25,Coral,Ambient,0,14:00,,2089.703739,2183.870178,26.26,8.049085843,38.21731014,26.05,7.967938601,38.31921336,0.21,2.07,0.42,0.22,2.6,0.38
12/3/2015,3,1,26,Algae,Ambient,0,14:00,,2174.577751,2183.870178,26.21,8.039716337,38.40626512,26.05,7.967938601,38.31921336,0.18,1.33,0.48,0.22,2.6,0.38
12/3/2015,3,1,27,Rubble,Ambient,0,14:00,,2164.458376,2183.870178,26.23,8.046157964,38.16878815,26.05,7.967938601,38.31921336,0.08,1.74,0.48,0.22,2.6,0.38
12/3/2015,3,1,28,Sand,Ambient,0,14:00,,2168.273936,2183.870178,26.1,7.987430324,38.02468011,26.05,7.967938601,38.31921336,0.24,2.16,0.24,0.22,2.6,0.38
12/3/2015,3,1,29,Coral,Med,3,14:00,,2085.046329,2174.952069,26.15,8.07258535,37.64695869,26.07,7.967651472,38.30245055,0.8,3.21,0.84,1.12,2.79,5.1
12/3/2015,3,1,30,Algae,Med,3,14:00,,2162.811128,2174.952069,26.42,8.134226616,38.23084436,26.07,7.967651472,38.30245055,0.22,2.29,0.42,1.12,2.79,5.1
12/3/2015,3,1,31,Rubble,Med,3,14:00,,2167.466438,2174.952069,26.33,8.06152452,38.08564464,26.07,7.967651472,38.30245055,0.58,3.26,2.15,1.12,2.79,5.1
12/3/2015,3,1,32,Sand,Med,3,14:00,,2158.219236,2174.952069,26.21,7.963958497,38.25903304,26.07,7.967651472,38.30245055,0.78,2.98,0.72,1.12,2.79,5.1
12/3/2015,3,1,33,Coral,High,6,14:00,,2127.431415,2170.434693,26.02,8.067759351,38.27050878,26.03,7.974963827,38.26213334,1.61,1.92,2.35,2.26,2.8,10.1
12/3/2015,3,1,34,Algae,High,6,14:00,,2184.280055,2170.434693,26.28,8.166611235,38.17434485,26.03,7.974963827,38.26213334,1.38,1.87,1.39,2.26,2.8,10.1
12/3/2015,3,1,35,Rubble,High,6,14:00,,2159.181406,2170.434693,26.04,7.952921994,38.2693197,26.03,7.974963827,38.26213334,2,3.36,6.02,2.26,2.8,10.1
12/3/2015,3,1,36,Sand,High,6,14:00,,2173.388521,2170.434693,26.3,8.07711171,38.25744137,26.03,7.974963827,38.26213334,1.33,1.9,2.79,2.26,2.8,10.1
12/3/2015,1,1,1,Coral,Ambient,0,18:00,34,2091.277114,2169.886181,25.81,7.986557212,38.37290362,25.49,7.955733831,38.64408746,0.21,2.07,0.42,0.07,1.68,0.12
12/3/2015,1,1,2,Algae,Ambient,0,18:00,35,2165.423752,2169.886181,26.05,8.109428859,38.3930594,25.49,7.955733831,38.64408746,0.18,1.33,0.48,0.07,1.68,0.12
12/3/2015,1,1,3,Rubble,Ambient,0,18:00,34,2162.821193,2169.886181,25.87,8.004231902,38.47063193,25.49,7.955733831,38.64408746,0.08,1.74,0.48,0.07,1.68,0.12
12/3/2015,1,1,4,Sand,Ambient,0,18:00,37,2163.231973,2169.886181,26.02,7.985215091,38.41827671,25.49,7.955733831,38.64408746,0.24,2.16,0.24,0.07,1.68,0.12
12/3/2015,1,1,5,Coral,Med,3,18:00,31,2102.044318,2181.669907,26.01,8.02073653,38.35277578,25.82,7.949327563,38.43866297,0.8,3.21,0.84,1.25,1.76,2.79
12/3/2015,1,1,6,Algae,Med,3,18:00,29,2170.047278,2181.669907,26.08,8.15108996,38.44169,25.82,7.949327563,38.43866297,0.22,2.29,0.42,1.25,1.76,2.79
12/3/2015,1,1,7,Rubble,Med,3,18:00,30,2194.041146,2181.669907,26.05,8.021839652,38.54082441,25.82,7.949327563,38.43866297,0.58,3.26,2.15,1.25,1.76,2.79
12/3/2015,1,1,8,Sand,Med,3,18:00,24,2182.645555,2181.669907,26.03,8.042344645,38.40986787,25.82,7.949327563,38.43866297,0.78,2.98,0.72,1.25,1.76,2.79
12/3/2015,1,1,9,Coral,High,6,18:00,30,2095.751934,2161.759718,26.04,8.065781091,38.32759937,25.84,7.943984946,38.42179206,1.61,1.92,2.35,2.47,1.54,5.46
12/3/2015,1,1,10,Algae,High,6,18:00,27,2170.240437,2161.759718,26.06,8.250766094,38.16324466,25.84,7.943984946,38.42179206,1.38,1.87,1.39,2.47,1.54,5.46
12/3/2015,1,1,11,Rubble,High,6,18:00,28,2152.181787,2161.759718,26.06,8.043590854,38.38465977,25.84,7.943984946,38.42179206,2,3.36,6.02,2.47,1.54,5.46
12/3/2015,1,1,12,Sand,High,6,18:00,33,2185.86417,2161.759718,26.1,8.063216012,38.35109196,25.84,7.943984946,38.42179206,1.33,1.9,2.79,2.47,1.54,5.46
12/3/2015,2,1,13,Coral,Ambient,0,18:00,37,2103.066685,2169.886181,25.95,7.949154828,38.47722487,25.49,7.955733831,38.64408746,0.21,2.07,0.42,0.07,1.68,0.12
12/3/2015,2,1,14,Algae,Ambient,0,18:00,35,2163.487032,2169.886181,25.8,8.01704608,38.38132998,25.49,7.955733831,38.64408746,0.18,1.33,0.48,0.07,1.68,0.12
12/3/2015,2,1,15,Rubble,Ambient,0,18:00,38,2180.566772,2169.886181,25.77,7.97364604,38.4066276,25.49,7.955733831,38.64408746,0.08,1.74,0.48,0.07,1.68,0.12
12/3/2015,2,1,16,Sand,Ambient,0,18:00,37.5,2207.247172,2169.886181,25.85,7.941233037,38.48752,25.49,7.955733831,38.64408746,0.24,2.16,0.24,0.07,1.68,0.12
12/3/2015,2,1,17,Coral,Med,3,18:00,33,2108.5,2181.669907,25.4,7.995847738,38.64606462,25.82,7.949327563,38.43866297,0.8,3.21,0.84,1.25,1.76,2.79
12/3/2015,2,1,18,Algae,Med,3,18:00,30,2167.015709,2181.669907,25.85,8.082056031,38.41336124,25.82,7.949327563,38.43866297,0.22,2.29,0.42,1.25,1.76,2.79
12/3/2015,2,1,19,Rubble,Med,3,18:00,32,2168.11725,2181.669907,26.01,7.961774373,38.20502312,25.82,7.949327563,38.43866297,0.58,3.26,2.15,1.25,1.76,2.79
12/3/2015,2,1,20,Sand,Med,3,18:00,27,2158.775583,2181.669907,25.72,8.001345049,38.44885223,25.82,7.949327563,38.43866297,0.78,2.98,0.72,1.25,1.76,2.79
12/3/2015,2,1,21,Coral,High,6,18:00,28,2122.887372,2161.759718,25.97,8.038166465,38.46036713,25.84,7.943984946,38.42179206,1.61,1.92,2.35,2.47,1.54,5.46
12/3/2015,2,1,22,Algae,High,6,18:00,31,2183.616109,2161.759718,25.89,8.120228704,38.37966885,25.84,7.943984946,38.42179206,1.38,1.87,1.39,2.47,1.54,5.46
12/3/2015,2,1,23,Rubble,High,6,18:00,29,2186.3617,2161.759718,25.75,7.978991814,38.4978087,25.84,7.943984946,38.42179206,2,3.36,6.02,2.47,1.54,5.46
12/3/2015,2,1,24,Sand,High,6,18:00,30,2167.449112,2161.759718,25.74,8.012858825,38.43195308,25.84,7.943984946,38.42179206,1.33,1.9,2.79,2.47,1.54,5.46
12/3/2015,3,1,25,Coral,Ambient,0,18:00,35,2117.575874,2169.886181,25.9,7.976833578,38.2231814,25.49,7.955733831,38.64408746,0.21,2.07,0.42,0.07,1.68,0.12
12/3/2015,3,1,26,Algae,Ambient,0,18:00,33,2163.487032,2169.886181,25.96,8.013038656,38.32082581,25.49,7.955733831,38.64408746,0.18,1.33,0.48,0.07,1.68,0.12
12/3/2015,3,1,27,Rubble,Ambient,0,18:00,40,2180.662901,2169.886181,25.85,7.997779305,38.33922906,25.49,7.955733831,38.64408746,0.08,1.74,0.48,0.07,1.68,0.12
12/3/2015,3,1,28,Sand,Ambient,0,18:00,33,2184.10624,2169.886181,25.9,7.971777819,38.37125346,25.49,7.955733831,38.64408746,0.24,2.16,0.24,0.07,1.68,0.12
12/3/2015,3,1,29,Coral,Med,3,18:00,28.5,2115.151131,2181.669907,25.8,8.033904245,38.38132998,25.82,7.949327563,38.43866297,0.8,3.21,0.84,1.25,1.76,2.79
12/3/2015,3,1,30,Algae,Med,3,18:00,29,2166.842547,2181.669907,26,8.089954126,38.21338799,25.82,7.949327563,38.43866297,0.22,2.29,0.42,1.25,1.76,2.79
12/3/2015,3,1,31,Rubble,Med,3,18:00,29,2192.349915,2181.669907,25.94,8.006588691,38.48565837,25.82,7.949327563,38.43866297,0.58,3.26,2.15,1.25,1.76,2.79
12/3/2015,3,1,32,Sand,Med,3,18:00,27,2174.343728,2181.669907,25.92,7.95969448,38.35443193,25.82,7.949327563,38.43866297,0.78,2.98,0.72,1.25,1.76,2.79
12/3/2015,3,1,33,Coral,High,6,18:00,31,2151.210002,2161.759718,25.69,8.010211225,38.47422423,25.84,7.943984946,38.42179206,1.61,1.92,2.35,2.47,1.54,5.46
12/3/2015,3,1,34,Algae,High,6,18:00,28.5,2180.70595,2161.759718,25.91,8.092968276,38.43689707,25.84,7.943984946,38.42179206,1.38,1.87,1.39,2.47,1.54,5.46
12/3/2015,3,1,35,Rubble,High,6,18:00,29,2159.418315,2161.759718,25.81,7.92586985,38.29872868,25.84,7.943984946,38.42179206,2,3.36,6.02,2.47,1.54,5.46
12/3/2015,3,1,36,Sand,High,6,18:00,30,2174.265634,2161.759718,25.95,8.043513204,38.32922272,25.84,7.943984946,38.42179206,1.33,1.9,2.79,2.47,1.54,5.46
12/3/2015,1,1,1,Coral,Ambient,0,22:00,,2117.878664,2169.79177,25.2,7.834884508,38.51680682,25.22,7.93426295,38.49975298,0.3,0.83,0.2,0.28,0.82,0.15
12/3/2015,1,1,2,Algae,Ambient,0,22:00,,2168.147323,2169.79177,25.39,7.933531318,38.28053952,25.22,7.93426295,38.49975298,0.24,0.64,0.15,0.28,0.82,0.15
12/3/2015,1,1,3,Rubble,Ambient,0,22:00,,2186.797029,2169.79177,25.35,7.900333639,38.46406513,25.22,7.93426295,38.49975298,0.27,1.27,0.08,0.28,0.82,0.15
12/3/2015,1,1,4,Sand,Ambient,0,22:00,,2175.854379,2169.79177,25.46,7.934222621,38.44544654,25.22,7.93426295,38.49975298,0.26,0.78,0.17,0.28,0.82,0.15
12/3/2015,1,1,5,Coral,Med,3,22:00,,2119.480553,2184.217429,25.43,7.799617369,38.47090881,25.22,7.930884763,38.49975298,1.16,1.16,1.09,1.82,0.56,1.54
12/3/2015,1,1,6,Algae,Med,3,22:00,,2180.541889,2184.217429,25.46,7.930847149,38.37075338,25.22,7.930884763,38.49975298,0.65,0.75,0.65,1.82,0.56,1.54
12/3/2015,1,1,7,Rubble,Med,3,22:00,,2191.422594,2184.217429,25.46,7.878527335,38.44544654,25.22,7.930884763,38.49975298,1.32,1.62,2.32,1.82,0.56,1.54
12/3/2015,1,1,8,Sand,Med,3,22:00,,2198.453616,2184.217429,25.4,7.923260508,38.34683329,25.22,7.930884763,38.49975298,0.9,1.06,1.55,1.82,0.56,1.54
12/3/2015,1,1,9,Coral,High,6,22:00,,2139.502063,2162.699563,25.44,7.787664548,38.46241826,25.24,7.928911271,38.48271173,2.19,0.9,1.61,3.4,0.91,1.44
12/3/2015,1,1,10,Algae,High,6,22:00,,2180.94901,2162.699563,25.44,7.946322352,38.38769105,25.24,7.928911271,38.48271173,1.65,0.66,0.95,3.4,0.91,1.44
12/3/2015,1,1,11,Rubble,High,6,22:00,,2187.125239,2162.699563,25.38,7.85095246,38.43857896,25.24,7.928911271,38.48271173,2.71,1.06,4.83,3.4,0.91,1.44
12/3/2015,1,1,12,Sand,High,6,22:00,,2184.352997,2162.699563,25.38,7.915103612,38.51340849,25.24,7.928911271,38.48271173,2.03,1.04,4.17,3.4,0.91,1.44
12/3/2015,2,1,13,Coral,Ambient,0,22:00,,2144.069378,2169.79177,25.32,7.855167151,38.26493281,25.22,7.93426295,38.49975298,0.3,0.83,0.2,0.28,0.82,0.15
12/3/2015,2,1,14,Algae,Ambient,0,22:00,,2175.277114,2169.79177,25.3,7.919614968,38.35674694,25.22,7.93426295,38.49975298,0.24,0.64,0.15,0.28,0.82,0.15
12/3/2015,2,1,15,Rubble,Ambient,0,22:00,,2190.744395,2169.79177,24.97,7.888798754,38.48745633,25.22,7.93426295,38.49975298,0.27,1.27,0.08,0.28,0.82,0.15
12/3/2015,2,1,16,Sand,Ambient,0,22:00,,2171.086476,2169.79177,25.3,7.94663322,38.50660474,25.22,7.93426295,38.49975298,0.26,0.78,0.17,0.28,0.82,0.15
12/3/2015,2,1,17,Coral,Med,3,22:00,,2153.806572,2184.217429,25.24,7.847840218,38.48271173,25.22,7.930884763,38.49975298,1.16,1.16,1.09,1.82,0.56,1.54
12/3/2015,2,1,18,Algae,Med,3,22:00,,2195.052922,2184.217429,25.13,7.884856377,38.42620317,25.22,7.930884763,38.49975298,0.65,0.75,0.65,1.82,0.56,1.54
12/3/2015,2,1,19,Rubble,Med,3,22:00,,2187.551744,2184.217429,25.27,7.855865852,38.53216618,25.22,7.930884763,38.49975298,1.32,1.62,2.32,1.82,0.56,1.54
12/3/2015,2,1,20,Sand,Med,3,22:00,,2183.102297,2184.217429,25.21,7.912446374,38.43320766,25.22,7.930884763,38.49975298,0.9,1.06,1.55,1.82,0.56,1.54
12/3/2015,2,1,21,Coral,High,6,22:00,,2139.720664,2162.699563,25.1,7.826136467,38.52700528,25.24,7.928911271,38.48271173,2.19,0.9,1.61,3.4,0.91,1.44
12/3/2015,2,1,22,Algae,High,6,22:00,,2176.089137,2162.699563,25.32,7.894003286,38.3397901,25.24,7.928911271,38.48271173,1.65,0.66,0.95,3.4,0.91,1.44
12/3/2015,2,1,23,Rubble,High,6,22:00,,2196.090654,2162.699563,25.31,7.860372636,38.49809054,25.24,7.928911271,38.48271173,2.71,1.06,4.83,3.4,0.91,1.44
12/3/2015,2,1,24,Sand,High,6,22:00,,2175.926714,2162.699563,25.17,7.90794484,38.4672718,25.24,7.928911271,38.48271173,2.03,1.04,4.17,3.4,0.91,1.44
12/3/2015,3,1,25,Coral,Ambient,0,22:00,,2138.392094,2169.79177,25.22,7.837984621,38.57483151,25.22,7.93426295,38.49975298,0.3,0.83,0.2,0.28,0.82,0.15
12/3/2015,3,1,26,Algae,Ambient,0,22:00,,2182.32909,2169.79177,25.23,7.922297321,38.49123079,25.22,7.93426295,38.49975298,0.24,0.64,0.15,0.28,0.82,0.15
12/3/2015,3,1,27,Rubble,Ambient,0,22:00,,2192.49014,2169.79177,25.29,7.884294215,38.36523004,25.22,7.93426295,38.49975298,0.27,1.27,0.08,0.28,0.82,0.15
12/3/2015,3,1,28,Sand,Ambient,0,22:00,,2177.377271,2169.79177,25.15,7.94708609,38.48432275,25.22,7.93426295,38.49975298,0.26,0.78,0.17,0.28,0.82,0.15
12/3/2015,3,1,29,Coral,Med,3,22:00,,2135.742107,2184.217429,25.16,7.865850499,38.40066418,25.22,7.930884763,38.49975298,1.16,1.16,1.09,1.82,0.56,1.54
12/3/2015,3,1,30,Algae,Med,3,22:00,,2170.32039,2184.217429,25.36,7.879932779,38.23112492,25.22,7.930884763,38.49975298,0.65,0.75,0.65,1.82,0.56,1.54
12/3/2015,3,1,31,Rubble,Med,3,22:00,,2192.401078,2184.217429,25.24,7.883308804,38.40769254,25.22,7.930884763,38.49975298,1.32,1.62,2.32,1.82,0.56,1.54
12/3/2015,3,1,32,Sand,Med,3,22:00,,2179.694692,2184.217429,25.18,7.912871315,38.45875105,25.22,7.930884763,38.49975298,0.9,1.06,1.55,1.82,0.56,1.54
12/3/2015,3,1,33,Coral,High,6,22:00,,2160.690445,2162.699563,25.13,7.845995505,38.5013863,25.24,7.928911271,38.48271173,2.19,0.9,1.61,3.4,0.91,1.44
12/3/2015,3,1,34,Algae,High,6,22:00,,2171.875441,2162.699563,25.33,7.882042959,38.40618151,25.24,7.928911271,38.48271173,1.65,0.66,0.95,3.4,0.91,1.44
12/3/2015,3,1,35,Rubble,High,6,22:00,,2184.790277,2162.699563,25.06,7.808101456,38.48590436,25.24,7.928911271,38.48271173,2.71,1.06,4.83,3.4,0.91,1.44
12/3/2015,3,1,36,Sand,High,6,22:00,,2176.349333,2162.699563,25.28,7.879368659,38.44866694,25.24,7.928911271,38.48271173,2.03,1.04,4.17,3.4,0.91,1.44
12/4/2015,1,1,1,Coral,Ambient,0,2:00,,2123.132713,2166.959044,24.97,7.778915607,38.48745633,24.93,7.924867579,38.21992454,0.3,0.83,0.2,0.28,1.58,0.22
12/4/2015,1,1,2,Algae,Ambient,0,2:00,,2175.208963,2166.959044,25.17,7.874157308,38.16696485,24.93,7.924867579,38.21992454,0.24,0.64,0.15,0.28,1.58,0.22
12/4/2015,1,1,3,Rubble,Ambient,0,2:00,,2193.652666,2166.959044,25.1,7.858242155,37.25143069,24.93,7.924867579,38.21992454,0.27,1.27,0.08,0.28,1.58,0.22
12/4/2015,1,1,4,Sand,Ambient,0,2:00,,2182.317494,2166.959044,25.11,7.92062185,38.29288512,24.93,7.924867579,38.21992454,0.26,0.78,0.17,0.28,1.58,0.22
12/4/2015,1,1,5,Coral,Med,3,2:00,,2143.275284,2172.774736,25.13,7.751377729,38.35104515,24.94,7.921344184,38.28681678,1.16,1.16,1.09,1.82,1.56,5.13
12/4/2015,1,1,6,Algae,Med,3,2:00,,2180.764899,2172.774736,25.13,7.839237092,38.27591222,24.94,7.921344184,38.28681678,0.65,0.75,0.65,1.82,1.56,5.13
12/4/2015,1,1,7,Rubble,Med,3,2:00,,2201.864737,2172.774736,25.18,7.880774236,38.08351584,24.94,7.921344184,38.28681678,1.32,1.62,2.32,1.82,1.56,5.13
12/4/2015,1,1,8,Sand,Med,3,2:00,,2196.14572,2172.774736,25.14,7.849235192,38.19233982,24.94,7.921344184,38.28681678,0.9,1.06,1.55,1.82,1.56,5.13
12/4/2015,1,1,9,Coral,High,6,2:00,,2143.318068,2174.393023,25.16,7.718869808,38.40066418,24.94,7.914581463,38.36222707,2.19,0.9,1.61,3.4,1.27,9.64
12/4/2015,1,1,10,Algae,High,6,2:00,,2178.208168,2174.393023,25.2,7.790965133,38.36665617,24.94,7.914581463,38.36222707,1.65,0.66,0.95,3.4,1.27,9.64
12/4/2015,1,1,11,Rubble,High,6,2:00,,2205.032999,2174.393023,25.14,7.785032425,38.3425462,24.94,7.914581463,38.36222707,2.71,1.06,4.83,3.4,1.27,9.64
12/4/2015,1,1,12,Sand,High,6,2:00,,2189.186648,2174.393023,25.17,7.852195413,38.09195077,24.94,7.914581463,38.36222707,2.03,1.04,4.17,3.4,1.27,9.64
12/4/2015,2,1,13,Coral,Ambient,0,2:00,,2137.518874,2166.959044,25.16,7.825304101,38.32555773,24.93,7.924867579,38.21992454,0.3,0.83,0.2,0.28,1.58,0.22
12/4/2015,2,1,14,Algae,Ambient,0,2:00,,2173.11382,2166.959044,25.09,7.882039589,38.03528598,24.93,7.924867579,38.21992454,0.24,0.64,0.15,0.28,1.58,0.22
12/4/2015,2,1,15,Rubble,Ambient,0,2:00,,2192.849078,2166.959044,24.9,7.877948314,38.09458919,24.93,7.924867579,38.21992454,0.27,1.27,0.08,0.28,1.58,0.22
12/4/2015,2,1,16,Sand,Ambient,0,2:00,,2181.226215,2166.959044,25.12,7.917100625,37.75904918,24.93,7.924867579,38.21992454,0.26,0.78,0.17,0.28,1.58,0.22
12/4/2015,2,1,17,Coral,Med,3,2:00,,2156.846451,2172.774736,25.13,7.842616298,38.42620317,24.94,7.921344184,38.28681678,1.16,1.16,1.09,1.82,1.56,5.13
12/4/2015,2,1,18,Algae,Med,3,2:00,,2178.72357,2172.774736,26.02,7.796542495,37.53312954,24.94,7.921344184,38.28681678,0.65,0.75,0.65,1.82,1.56,5.13
12/4/2015,2,1,19,Rubble,Med,3,2:00,,2189.479043,2172.774736,25.17,7.823476011,38.16696485,24.94,7.921344184,38.28681678,1.32,1.62,2.32,1.82,1.56,5.13
12/4/2015,2,1,20,Sand,Med,3,2:00,,2182.724957,2172.774736,25.03,7.862601298,38.51153792,24.94,7.921344184,38.28681678,0.9,1.06,1.55,1.82,1.56,5.13
12/4/2015,2,1,21,Coral,High,6,2:00,,2156.511124,2174.393023,25.14,7.715761019,38.49285295,24.94,7.914581463,38.36222707,2.19,0.9,1.61,3.4,1.27,9.64
12/4/2015,2,1,22,Algae,High,6,2:00,,2180.721547,2174.393023,25.14,7.80192789,38.3425462,24.94,7.914581463,38.36222707,1.65,0.66,0.95,3.4,1.27,9.64
12/4/2015,2,1,23,Rubble,High,6,2:00,,2197.505315,2174.393023,25.1,7.809238736,38.15108256,24.94,7.914581463,38.36222707,2.71,1.06,4.83,3.4,1.27,9.64
12/4/2015,2,1,24,Sand,High,6,2:00,,2200.553192,2174.393023,25.01,7.857810368,38.37793809,24.94,7.914581463,38.36222707,2.03,1.04,4.17,3.4,1.27,9.64
12/4/2015,3,1,25,Coral,Ambient,0,2:00,,2135.147802,2166.959044,25.09,7.80937691,38.23469395,24.93,7.924867579,38.21992454,0.3,0.83,0.2,0.28,1.58,0.22
12/4/2015,3,1,26,Algae,Ambient,0,2:00,,2175.269856,2166.959044,25.11,7.883448089,38.36805245,24.93,7.924867579,38.21992454,0.24,0.64,0.15,0.28,1.58,0.22
12/4/2015,3,1,27,Rubble,Ambient,0,2:00,,2195.439614,2166.959044,25.14,7.864441111,38.11727425,24.93,7.924867579,38.21992454,0.27,1.27,0.08,0.28,1.58,0.22
12/4/2015,3,1,28,Sand,Ambient,0,2:00,,2185.089768,2166.959044,25.03,7.896404694,38.51153792,24.93,7.924867579,38.21992454,0.26,0.78,0.17,0.28,1.58,0.22
12/4/2015,3,1,29,Coral,Med,3,2:00,,2149.696005,2172.774736,24.9,7.805239313,38.16999285,24.94,7.921344184,38.28681678,1.16,1.16,1.09,1.82,1.56,5.13
12/4/2015,3,1,30,Algae,Med,3,2:00,,2176.355562,2172.774736,25.21,7.833056319,38.43320766,24.94,7.921344184,38.28681678,0.65,0.75,0.65,1.82,1.56,5.13
12/4/2015,3,1,31,Rubble,Med,3,2:00,,2204.518742,2172.774736,25.16,7.843887867,38.10038882,24.94,7.921344184,38.28681678,1.32,1.62,2.32,1.82,1.56,5.13
12/4/2015,3,1,32,Sand,Med,3,2:00,,2185.199628,2172.774736,25.05,7.879221958,38.41914986,24.94,7.921344184,38.28681678,0.9,1.06,1.55,1.82,1.56,5.13
12/4/2015,3,1,33,Coral,High,6,2:00,,2156.749463,2174.393023,25.02,7.79851265,38.0683807,24.94,7.914581463,38.36222707,2.19,0.9,1.61,3.4,1.27,9.64
12/4/2015,3,1,34,Algae,High,6,2:00,,2179.285474,2174.393023,25.13,7.825720267,38.20080438,24.94,7.914581463,38.36222707,1.65,0.66,0.95,3.4,1.27,9.64
12/4/2015,3,1,35,Rubble,High,6,2:00,,2200.738339,2174.393023,24.98,7.761873932,38.17749198,24.94,7.914581463,38.36222707,2.71,1.06,4.83,3.4,1.27,9.64
12/4/2015,3,1,36,Sand,High,6,2:00,,2190.675037,2174.393023,25.1,7.807548963,38.22621686,24.94,7.914581463,38.36222707,2.03,1.04,4.17,3.4,1.27,9.64
12/4/2015,1,1,1,Coral,Ambient,0,6:00,,2126.158204,2200.284973,24.74,7.766844582,38.53337679,24.67,7.918408654,38.44184545,0.25,0.8,0.06,0.26,1.58,0.04
12/4/2015,1,1,2,Algae,Ambient,0,6:00,,2177.212805,2200.284973,24.84,7.853422439,38.52325235,24.67,7.918408654,38.44184545,0.29,1.28,0.08,0.26,1.58,0.04
12/4/2015,1,1,3,Rubble,Ambient,0,6:00,,2208.277535,2200.284973,24.81,7.848767104,38.47333,24.67,7.918408654,38.44184545,0.27,1.27,0.08,0.26,1.58,0.04
12/4/2015,1,1,4,Sand,Ambient,0,6:00,,2201.759498,2200.284973,24.87,7.918955567,38.49754213,24.67,7.918408654,38.44184545,0.25,4.13,0.11,0.26,1.58,0.04
12/4/2015,1,1,5,Coral,Med,3,6:00,,2149.287792,2180.083276,24.84,7.745182603,38.52325235,24.62,7.914040231,38.48476852,0.78,1.08,0.08,0.31,1.63,4.99
12/4/2015,1,1,6,Algae,Med,3,6:00,,2183.590736,2180.083276,24.96,7.82131692,38.49600887,24.62,7.914040231,38.48476852,0.26,1.08,0.11,0.31,1.63,4.99
12/4/2015,1,1,7,Rubble,Med,3,6:00,,2215.547565,2180.083276,24.89,7.823977938,38.48041785,24.62,7.914040231,38.48476852,0.92,1.14,1.89,0.31,1.63,4.99
12/4/2015,1,1,8,Sand,Med,3,6:00,,2198.157496,2180.083276,24.86,7.836231841,38.50610902,24.62,7.914040231,38.48476852,0.26,0.8,0.16,0.31,1.63,4.99
12/4/2015,1,1,9,Coral,High,6,6:00,,2151.233069,2196.339273,24.85,7.689237311,38.43908747,24.64,7.908679782,38.46758972,2.48,0.69,1.33,3.05,1.25,7.9
12/4/2015,1,1,10,Algae,High,6,6:00,,2181.476167,2196.339273,24.94,7.755657536,38.36222707,24.64,7.908679782,38.46758972,0.31,0.41,1.04,3.05,1.25,7.9
12/4/2015,1,1,11,Rubble,High,6,6:00,,2218.297019,2196.339273,24.85,7.733208269,38.5146791,24.64,7.908679782,38.46758972,1.5,1.2,0.06,3.05,1.25,7.9
12/4/2015,1,1,12,Sand,High,6,6:00,,2196.310418,2196.339273,24.89,7.829050829,38.48041785,24.64,7.908679782,38.46758972,2.27,0.8,3.56,3.05,1.25,7.9
12/4/2015,2,1,13,Coral,Ambient,0,6:00,,2138.296169,2200.284973,24.83,7.797749036,38.45620239,24.67,7.918408654,38.44184545,0.25,0.8,0.06,0.26,1.58,0.04
12/4/2015,2,1,14,Algae,Ambient,0,6:00,,2172.84398,2200.284973,24.81,7.877521206,38.47333,24.67,7.918408654,38.44184545,0.29,1.28,0.08,0.26,1.58,0.04
12/4/2015,2,1,15,Rubble,Ambient,0,6:00,,2194.57052,2200.284973,24.68,7.852272769,38.43327039,24.67,7.918408654,38.44184545,0.27,1.27,0.08,0.26,1.58,0.04
12/4/2015,2,1,16,Sand,Ambient,0,6:00,,2186.790946,2200.284973,24.81,7.906275307,38.47333,24.67,7.918408654,38.44184545,0.25,4.13,0.11,0.26,1.58,0.04
12/4/2015,2,1,17,Coral,Med,3,6:00,,2151.733981,2180.083276,24.91,7.766211738,38.46330626,24.62,7.914040231,38.48476852,0.78,1.08,0.08,0.31,1.63,4.99
12/4/2015,2,1,18,Algae,Med,3,6:00,,2179.737257,2180.083276,24.93,7.799753056,37.69281588,24.62,7.914040231,38.48476852,0.26,1.08,0.11,0.31,1.63,4.99
12/4/2015,2,1,19,Rubble,Med,3,6:00,,2197.092996,2180.083276,24.93,7.781154951,38.37075447,24.62,7.914040231,38.48476852,0.92,1.14,1.89,0.31,1.63,4.99
12/4/2015,2,1,20,Sand,Med,3,6:00,,2194.604678,2180.083276,24.75,7.851295784,38.52478913,24.62,7.914040231,38.48476852,0.26,0.8,0.16,0.31,1.63,4.99
12/4/2015,2,1,21,Coral,High,6,6:00,,2161.211189,2196.339273,24.88,7.665160666,38.4889784,24.64,7.908679782,38.46758972,2.48,0.69,1.33,3.05,1.25,7.9
12/4/2015,2,1,22,Algae,High,6,6:00,,2173.387168,2196.339273,24.85,7.765340892,38.36352118,24.64,7.908679782,38.46758972,0.31,0.41,1.04,3.05,1.25,7.9
12/4/2015,2,1,23,Rubble,High,6,6:00,,2203.726194,2196.339273,24.8,7.788013499,38.48189857,24.64,7.908679782,38.46758972,1.5,1.2,0.06,3.05,1.25,7.9
12/4/2015,2,1,24,Sand,High,6,6:00,,2195.002464,2196.339273,24.75,7.824227649,38.44904888,24.64,7.908679782,38.46758972,2.27,0.8,3.56,3.05,1.25,7.9
12/4/2015,3,1,25,Coral,Ambient,0,6:00,,2135.5226,2200.284973,24.82,7.791121358,38.46476461,24.67,7.918408654,38.44184545,0.25,0.8,0.06,0.26,1.58,0.04
12/4/2015,3,1,26,Algae,Ambient,0,6:00,,2164.925846,2200.284973,24.89,7.873015885,38.40489566,24.67,7.918408654,38.44184545,0.29,1.28,0.08,0.26,1.58,0.04
12/4/2015,3,1,27,Rubble,Ambient,0,6:00,,2195.343355,2200.284973,24.8,7.859055428,38.48189857,24.67,7.918408654,38.44184545,0.27,1.27,0.08,0.26,1.58,0.04
12/4/2015,3,1,28,Sand,Ambient,0,6:00,,2186.278056,2200.284973,24.91,7.909934009,38.46330626,24.67,7.918408654,38.44184545,0.25,4.13,0.11,0.26,1.58,0.04
12/4/2015,3,1,29,Coral,Med,3,6:00,,2143.928128,2180.083276,24.71,7.777406671,38.48334888,24.62,7.914040231,38.48476852,0.78,1.08,0.08,0.31,1.63,4.99
12/4/2015,3,1,30,Algae,Med,3,6:00,,2169.89816,2180.083276,24.86,7.810864831,38.43053476,24.62,7.914040231,38.48476852,0.26,1.08,0.11,0.31,1.63,4.99
12/4/2015,3,1,31,Rubble,Med,3,6:00,,2209.10733,2180.083276,24.87,7.831019553,38.34645366,24.62,7.914040231,38.48476852,0.92,1.14,1.89,0.31,1.63,4.99
12/4/2015,3,1,32,Sand,Med,3,6:00,,2195.714936,2180.083276,24.84,7.873717408,38.44764334,24.62,7.914040231,38.48476852,0.26,0.8,0.16,0.31,1.63,4.99
12/4/2015,3,1,33,Coral,High,6,6:00,,2151.755314,2196.339273,24.76,7.768262851,38.44048183,24.64,7.908679782,38.46758972,2.48,0.69,1.33,3.05,1.25,7.9
12/4/2015,3,1,34,Algae,High,6,6:00,,2173.216336,2196.339273,24.82,7.792812719,38.31355317,24.64,7.908679782,38.46758972,0.31,0.41,1.04,3.05,1.25,7.9
12/4/2015,3,1,35,Rubble,High,6,6:00,,2184.615084,2196.339273,24.79,7.761086436,38.49047032,24.64,7.908679782,38.46758972,1.5,1.2,0.06,3.05,1.25,7.9
12/4/2015,3,1,36,Sand,High,6,6:00,,2179.857278,2196.339273,24.78,7.79505473,38.49904525,24.64,7.908679782,38.46758972,2.27,0.8,3.56,3.05,1.25,7.9
12/4/2015,1,1,1,Coral,Ambient,0,10:00,35,2123.232753,2180.555592,25.03,7.874432487,38.28562231,24.98,7.947823789,38.32814901,0.03,2.37,0.95,0.07,6.2,0.14
12/4/2015,1,1,2,Algae,Ambient,0,10:00,37,2175.427753,2180.555592,25.4,7.982343137,38.04799979,24.98,7.947823789,38.32814901,0.01,1.1,0.12,0.07,6.2,0.14
12/4/2015,1,1,3,Rubble,Ambient,0,10:00,34,2183.643734,2180.555592,25.33,7.86684672,38.33131637,24.98,7.947823789,38.32814901,0.008,1.94,0.24,0.07,6.2,0.14
12/4/2015,1,1,4,Sand,Ambient,0,10:00,37,2181.365607,2180.555592,25.04,7.930065868,38.05148915,24.98,7.947823789,38.32814901,0.03,1.57,0.08,0.07,6.2,0.14
12/4/2015,1,1,5,Coral,Med,3,10:00,32,2138.117768,2180.536561,25.01,7.81048244,38.37793809,24.96,7.954871686,38.26980604,1.26,3.68,0.91,1.25,2.15,5.53
12/4/2015,1,1,6,Algae,Med,3,10:00,30,2179.424366,2180.536561,25.48,8.009880878,38.16265445,24.96,7.954871686,38.26980604,0.18,2.25,0.64,1.25,2.15,5.53
12/4/2015,1,1,7,Rubble,Med,3,10:00,31,2200.63909,2180.536561,25.07,7.867111334,38.4021048,24.96,7.954871686,38.26980604,0.11,3.24,1.57,1.25,2.15,5.53
12/4/2015,1,1,8,Sand,Med,3,10:00,25,2191.639149,2180.536561,24.96,7.877105619,38.26980604,24.96,7.954871686,38.26980604,0.12,3.84,1.52,1.25,2.15,5.53
12/4/2015,1,1,9,Coral,High,6,10:00,31,2124.575827,2173.555659,25.16,7.847266733,38.10038882,24.89,7.962636962,38.25392719,2.59,1.75,2.47,2.2,8.1,8.04
12/4/2015,1,1,10,Algae,High,6,10:00,28,2175.448267,2173.555659,25.19,7.960029038,38.45023344,24.89,7.962636962,38.25392719,1.68,1.33,1.12,2.2,8.1,8.04
12/4/2015,1,1,11,Rubble,High,6,10:00,30,2197.373808,2173.555659,25.34,7.859952941,38.32284577,24.89,7.962636962,38.25392719,1.84,1.43,1.66,2.2,8.1,8.04
12/4/2015,1,1,12,Sand,High,6,10:00,34,2188.171885,2173.555659,25.3,7.909483124,38.50660474,24.89,7.962636962,38.25392719,2.25,1.87,4.28,2.2,8.1,8.04
12/4/2015,2,1,13,Coral,Ambient,0,10:00,38,2122.444696,2180.555592,25.08,7.895699295,38.0928619,24.98,7.947823789,38.32814901,0.03,2.37,0.95,0.07,6.2,0.14
12/4/2015,2,1,14,Algae,Ambient,0,10:00,38,2174.805886,2180.555592,25.62,7.97074202,37.789688,24.98,7.947823789,38.32814901,0.01,1.1,0.12,0.07,6.2,0.14
12/4/2015,2,1,15,Rubble,Ambient,0,10:00,39,2186.164643,2180.555592,24.99,7.929086619,38.09374146,24.98,7.947823789,38.32814901,0.008,1.94,0.24,0.07,6.2,0.14
12/4/2015,2,1,16,Sand,Ambient,0,10:00,39,2197.373808,2180.555592,25.07,7.934709058,38.1764716,24.98,7.947823789,38.32814901,0.03,1.57,0.08,0.07,6.2,0.14
12/4/2015,2,1,17,Coral,Med,3,10:00,34,2149.744059,2180.536561,25.22,7.90048108,37.90002548,24.96,7.954871686,38.26980604,1.26,3.68,0.91,1.25,2.15,5.53
12/4/2015,2,1,18,Algae,Med,3,10:00,31,2175.659066,2180.536561,25.24,7.942423113,38.18278496,24.96,7.954871686,38.26980604,0.18,2.25,0.64,1.25,2.15,5.53
12/4/2015,2,1,19,Rubble,Med,3,10:00,32,2188.25362,2180.536561,25.2,7.917655637,37.9917177,24.96,7.954871686,38.26980604,0.11,3.24,1.57,1.25,2.15,5.53
12/4/2015,2,1,20,Sand,Med,3,10:00,29,2186.716761,2180.536561,25.06,7.91626144,38.26014401,24.96,7.954871686,38.26980604,0.12,3.84,1.52,1.25,2.15,5.53
12/4/2015,2,1,21,Coral,High,6,10:00,30,2142.048726,2173.555659,25.09,7.838104016,38.38507233,24.89,7.962636962,38.25392719,2.59,1.75,2.47,2.2,8.1,8.04
12/4/2015,2,1,22,Algae,High,6,10:00,32,2176.611014,2173.555659,25.12,7.932307563,37.83402356,24.89,7.962636962,38.25392719,1.68,1.33,1.12,2.2,8.1,8.04
12/4/2015,2,1,23,Rubble,High,6,10:00,30,2181.054265,2173.555659,25.08,7.882180204,38.39358699,24.89,7.962636962,38.25392719,1.84,1.43,1.66,2.2,8.1,8.04
12/4/2015,2,1,24,Sand,High,6,10:00,32,2187.390895,2173.555659,25.09,7.912456525,38.08441609,24.89,7.962636962,38.25392719,2.25,1.87,4.28,2.2,8.1,8.04
12/4/2015,3,1,25,Coral,Ambient,0,10:00,35,2122.315209,2180.555592,25.24,7.930600251,37.95810239,24.98,7.947823789,38.32814901,0.03,2.37,0.95,0.07,6.2,0.14
12/4/2015,3,1,26,Algae,Ambient,0,10:00,34,2175.891869,2180.555592,25.14,7.947228889,37.8922281,24.98,7.947823789,38.32814901,0.01,1.1,0.12,0.07,6.2,0.14
12/4/2015,3,1,27,Rubble,Ambient,0,10:00,38,2180.023083,2180.555592,25.24,7.969446798,38.33269834,24.98,7.947823789,38.32814901,0.008,1.94,0.24,0.07,6.2,0.14
12/4/2015,3,1,28,Sand,Ambient,0,10:00,34,2181.594258,2180.555592,25.17,7.943421749,38.4672718,24.98,7.947823789,38.32814901,0.03,1.57,0.08,0.07,6.2,0.14
12/4/2015,3,1,29,Coral,Med,3,10:00,30,2138.814987,2180.536561,25.14,7.938781157,38.04223378,24.96,7.954871686,38.26980604,1.26,3.68,0.91,1.25,2.15,5.53
12/4/2015,3,1,30,Algae,Med,3,10:00,30,2176.1486,2180.536561,25.29,7.943398621,38.14057917,24.96,7.954871686,38.26980604,0.18,2.25,0.64,1.25,2.15,5.53
12/4/2015,3,1,31,Rubble,Med,3,10:00,30,2210.493204,2180.536561,25.28,7.936786292,38.14901411,24.96,7.954871686,38.26980604,0.11,3.24,1.57,1.25,2.15,5.53
12/4/2015,3,1,32,Sand,Med,3,10:00,29,2173.700617,2180.536561,25.24,7.895131665,38.40769254,24.96,7.954871686,38.26980604,0.12,3.84,1.52,1.25,2.15,5.53
12/4/2015,3,1,33,Coral,High,6,10:00,32,2153.822242,2173.555659,25.12,7.933997223,38.2843971,24.89,7.962636962,38.25392719,2.59,1.75,2.47,2.2,8.1,8.04
12/4/2015,3,1,34,Algae,High,6,10:00,29,2178.554469,2173.555659,25.34,7.996714511,38.24802264,24.89,7.962636962,38.25392719,1.68,1.33,1.12,2.2,8.1,8.04
12/4/2015,3,1,35,Rubble,High,6,10:00,30,2183.666624,2173.555659,25.15,7.864301086,38.10882998,24.89,7.962636962,38.25392719,1.84,1.43,1.66,2.2,8.1,8.04
12/4/2015,3,1,36,Sand,High,6,10:00,31,2161.194972,2173.555659,25.1,7.929212625,38.07597339,24.89,7.962636962,38.25392719,2.25,1.87,4.28,2.2,8.1,8.04
12/5/2015,1,2,37,Mixed,Ambient,0,10:00,35,2169.648578,2180.807852,25.3,7.939878657,38.73157858,25.21,7.949607676,38.58337402,0.03,1.34,0.2,0.23,4.82,0.02
12/5/2015,1,2,38,Mixed,Ambient,0,10:00,33,2169.180274,2180.807852,25.3,7.956765064,38.73157858,25.21,7.949607676,38.58337402,0.03,1.34,0.2,0.23,4.82,0.02
12/5/2015,1,2,39,Mixed,Ambient,0,10:00,33,2162.372751,2180.807852,25.31,7.956621933,38.79803702,25.21,7.949607676,38.58337402,0.03,1.34,0.2,0.23,4.82,0.02
12/5/2015,1,2,40,Mixed,Ambient,0,10:00,36,2165.591423,2180.807852,25.57,7.990018458,38.65059745,25.21,7.949607676,38.58337402,0.03,1.34,0.2,0.23,4.82,0.02
12/5/2015,1,2,41,Mixed,Med,3,10:00,28,2181.777785,2179.596501,25.36,8.006555378,38.68023238,25.22,7.974801194,38.57483151,1.21,0.84,0.35,1.48,1.87,4.33
12/5/2015,1,2,42,Mixed,Med,3,10:00,24,2180.192616,2179.596501,25.38,7.955620129,38.66314221,25.22,7.974801194,38.57483151,1.21,0.84,0.35,1.48,1.87,4.33
12/5/2015,1,2,43,Mixed,Med,3,10:00,29,2163.140788,2179.596501,25.1,8.022150146,39.05435227,25.22,7.974801194,38.57483151,1.21,0.84,0.35,1.48,1.87,4.33
12/5/2015,1,2,44,Mixed,Med,3,10:00,30,2168.150675,2179.596501,25.68,7.998550725,38.70601795,25.22,7.974801194,38.57483151,1.21,0.84,0.35,1.48,1.87,4.33
12/5/2015,1,2,45,Mixed,High,6,10:00,29,2169.870837,2184.576291,25.64,7.973828215,38.66557065,25.16,7.984110825,38.62613395,2.58,0.68,1.68,2,1.45,6.68
12/5/2015,1,2,46,Mixed,High,6,10:00,26,2177.097547,2184.576291,25.31,7.900898656,38.72301299,25.16,7.984110825,38.62613395,2.58,0.68,1.68,2,1.45,6.68
12/5/2015,1,2,47,Mixed,High,6,10:00,33,2164.686544,2184.576291,25.52,7.990739844,38.61852827,25.16,7.984110825,38.62613395,2.58,0.68,1.68,2,1.45,6.68
12/5/2015,1,2,48,Mixed,High,6,10:00,28,2170.566953,2184.576291,25.7,8.006693514,38.61455831,25.16,7.984110825,38.62613395,2.58,0.68,1.68,2,1.45,6.68
12/5/2015,2,2,49,Mixed,Ambient,0,10:00,37,2176.817849,2180.807852,25.25,7.962547551,38.69935194,25.21,7.949607676,38.58337402,0.06,2.47,0.08,0.23,4.82,0.02
12/5/2015,2,2,50,Mixed,Ambient,0,10:00,36,2170.02244,2180.807852,25.33,7.947893328,38.70589128,25.21,7.949607676,38.58337402,0.06,2.47,0.08,0.23,4.82,0.02
12/5/2015,2,2,51,Mixed,Ambient,0,10:00,39,2168.097989,2180.807852,25.26,7.986048369,38.61572784,25.21,7.949607676,38.58337402,0.06,2.47,0.08,0.23,4.82,0.02
12/5/2015,2,2,52,Mixed,Ambient,0,10:00,39,2170.937944,2180.807852,25.29,7.961974291,38.66511396,25.21,7.949607676,38.58337402,0.06,2.47,0.08,0.23,4.82,0.02
12/5/2015,2,2,53,Mixed,Med,3,10:00,29,2180.66657,2179.596501,25.25,7.969303246,38.69935194,25.22,7.974801194,38.57483151,1.3,0.68,0.35,1.48,1.87,4.33
12/5/2015,2,2,54,Mixed,Med,3,10:00,30,2179.36978,2179.596501,25.39,8.009497243,38.72948892,25.22,7.974801194,38.57483151,1.3,0.68,0.35,1.48,1.87,4.33
12/5/2015,2,2,55,Mixed,Med,3,10:00,32,2174.17982,2179.596501,25.39,7.9858634,38.65460184,25.22,7.974801194,38.57483151,1.3,0.68,0.35,1.48,1.87,4.33
12/5/2015,2,2,56,Mixed,Med,3,10:00,31,2178.679602,2179.596501,25.45,7.961369692,38.67821031,25.22,7.974801194,38.57483151,1.3,0.68,0.35,1.48,1.87,4.33
12/5/2015,2,2,57,Mixed,High,6,10:00,31,2172.468909,2184.576291,25.5,8.061903842,38.63556459,25.16,7.984110825,38.62613395,2.58,0.68,1.68,2,1.45,6.68
12/5/2015,2,2,58,Mixed,High,6,10:00,31,2180.931699,2184.576291,25.3,7.950010501,38.65656235,25.16,7.984110825,38.62613395,2.58,0.68,1.68,2,1.45,6.68
12/5/2015,2,2,59,Mixed,High,6,10:00,29,2180.711936,2184.576291,25.56,7.971603847,38.65911538,25.16,7.984110825,38.62613395,2.58,0.68,1.68,2,1.45,6.68
12/5/2015,2,2,60,Mixed,High,6,10:00,31,2176.391518,2184.576291,25.37,7.989528127,38.746607,25.16,7.984110825,38.62613395,2.58,0.68,1.68,2,1.45,6.68
12/5/2015,3,2,61,Mixed,Ambient,0,10:00,32,2165.895088,2180.807852,25.34,7.974765123,38.62238745,25.21,7.949607676,38.58337402,0.22,2.01,0.23,0.23,4.82,0.02
12/5/2015,3,2,62,Mixed,Ambient,0,10:00,30,2167.36772,2180.807852,25.34,7.951127321,38.62238745,25.21,7.949607676,38.58337402,0.22,2.01,0.23,0.23,4.82,0.02
12/5/2015,3,2,63,Mixed,Ambient,0,10:00,39,2168.553169,2180.807852,25.36,7.982919159,38.68023238,25.21,7.949607676,38.58337402,0.22,2.01,0.23,0.23,4.82,0.02
12/5/2015,3,2,64,Mixed,Ambient,0,10:00,35,2169.079894,2180.807852,25.43,7.959968392,38.62047182,25.21,7.949607676,38.58337402,0.22,2.01,0.23,0.23,4.82,0.02
12/5/2015,3,2,65,Mixed,Med,3,10:00,28,2184.563055,2179.596501,25.33,7.990105103,38.63092645,25.22,7.974801194,38.57483151,1.3,0.68,0.35,1.48,1.87,4.33
12/5/2015,3,2,66,Mixed,Med,3,10:00,29,2184.29614,2179.596501,25.42,7.97361534,38.62899961,25.22,7.974801194,38.57483151,1.3,0.68,0.35,1.48,1.87,4.33
12/5/2015,3,2,67,Mixed,Med,3,10:00,30,2163.958712,2179.596501,25.42,7.983743113,38.62899961,25.22,7.974801194,38.57483151,1.3,0.68,0.35,1.48,1.87,4.33
12/5/2015,3,2,68,Mixed,Med,3,10:00,27,2173.170417,2179.596501,25.35,7.967867954,38.6138516,25.22,7.974801194,38.57483151,1.3,0.68,0.35,1.48,1.87,4.33
12/5/2015,3,2,69,Mixed,High,6,10:00,29,2170.712807,2184.576291,25.23,7.957767095,38.64137851,25.16,7.984110825,38.62613395,2.63,0.63,2.6,2,1.45,6.68
12/5/2015,3,2,70,Mixed,High,6,10:00,30,2181.299607,2184.576291,25.25,7.982814636,38.62427491,25.16,7.984110825,38.62613395,2.63,0.63,2.6,2,1.45,6.68
12/5/2015,3,2,71,Mixed,High,6,10:00,29,2178.342084,2184.576291,25.32,7.956478806,38.6394686,25.16,7.984110825,38.62613395,2.63,0.63,2.6,2,1.45,6.68
12/5/2015,3,2,72,Mixed,High,6,10:00,32,2162.090103,2184.576291,25.35,7.972933028,38.6138516,25.16,7.984110825,38.62613395,2.63,0.63,2.6,2,1.45,6.68
12/5/2015,1,2,37,Mixed,Ambient,0,14:00,32,2133.641924,2186.49056,27.35,8.152238335,38.6935965,26.1,7.958800176,38.57252555,0.26,1.14,0.07,0.27,2.22,0.09
12/5/2015,1,2,38,Mixed,Ambient,0,14:00,33,2135.456075,2186.49056,27.06,8.178408929,38.64565866,26.1,7.958800176,38.57252555,0.26,1.14,0.07,0.27,2.22,0.09
12/5/2015,1,2,39,Mixed,Ambient,0,14:00,34,2134.896444,2186.49056,27.44,8.155919822,38.61886038,26.1,7.958800176,38.57252555,0.26,1.14,0.07,0.27,2.22,0.09
12/5/2015,1,2,40,Mixed,Ambient,0,14:00,35,2136.528866,2186.49056,27.32,8.172815323,38.50197618,26.1,7.958800176,38.57252555,0.26,1.14,0.07,0.27,2.22,0.09
12/5/2015,1,2,41,Mixed,Med,3,14:00,24,2149.382,2179.265499,27.32,8.312030255,38.64634376,26.12,7.987141884,38.55566002,0.63,0.68,0.22,0.62,1.31,1.94
12/5/2015,1,2,42,Mixed,Med,3,14:00,25,2146.858856,2179.265499,27.44,8.31855184,38.61886038,26.12,7.987141884,38.55566002,0.63,0.68,0.22,0.62,1.31,1.94
12/5/2015,1,2,43,Mixed,Med,3,14:00,28,2147.447816,2179.265499,27.27,8.175245535,38.61565768,26.12,7.987141884,38.55566002,0.69,0.75,0.25,0.62,1.31,1.94
12/5/2015,1,2,44,Mixed,Med,3,14:00,30,2134.280396,2179.265499,27.6,8.280876076,38.63020488,26.12,7.987141884,38.55566002,0.69,0.75,0.25,0.62,1.31,1.94
12/5/2015,1,2,45,Mixed,High,6,14:00,30,2148.175292,2170.756374,27.5,8.309238226,38.64112454,26.08,7.986034542,38.58940342,1.39,0.44,1.13,1.69,1.67,7.35
12/5/2015,1,2,46,Mixed,High,6,14:00,26,2153.982596,2170.756374,27.43,8.290203754,38.62715243,26.08,7.986034542,38.58940342,1.39,0.44,1.13,1.69,1.67,7.35
12/5/2015,1,2,47,Mixed,High,6,14:00,33,2134.096167,2170.756374,27.35,8.328336028,38.62142593,26.08,7.986034542,38.58940342,1.39,0.44,1.13,1.69,1.67,7.35
12/5/2015,1,2,48,Mixed,High,6,14:00,28,2154.254495,2170.756374,27.43,8.35559406,38.62715243,26.08,7.986034542,38.58940342,1.39,0.44,1.13,1.69,1.67,7.35
12/5/2015,2,2,49,Mixed,Ambient,0,14:00,35,2148.333139,2186.49056,27.58,8.098517997,37.71451941,26.1,7.958800176,38.57252555,0.23,0.79,0.11,0.27,2.22,0.09
12/5/2015,2,2,50,Mixed,Ambient,0,14:00,32,2140.02227,2186.49056,27.1,8.127450718,38.61232171,26.1,7.958800176,38.57252555,0.23,0.79,0.11,0.27,2.22,0.09
12/5/2015,2,2,51,Mixed,Ambient,0,14:00,38,2157.603426,2186.49056,26.6,8.111366715,38.59311238,26.1,7.958800176,38.57252555,0.23,0.79,0.11,0.27,2.22,0.09
12/5/2015,2,2,52,Mixed,Ambient,0,14:00,37,2141.829316,2186.49056,27.17,8.139832913,38.62648803,26.1,7.958800176,38.57252555,0.23,0.79,0.11,0.27,2.22,0.09
12/5/2015,2,2,53,Mixed,Med,3,14:00,29,2148.929544,2179.265499,26.73,8.227078965,38.63035434,26.12,7.987141884,38.55566002,0.75,1.54,0.37,0.62,1.31,1.94
12/5/2015,2,2,54,Mixed,Med,3,14:00,31,2164.869643,2179.265499,26.52,8.233641248,38.73357306,26.12,7.987141884,38.55566002,0.75,1.54,0.37,0.62,1.31,1.94
12/5/2015,2,2,55,Mixed,Med,3,14:00,32,2138.397,2179.265499,26.52,8.15628001,38.66026532,26.12,7.987141884,38.55566002,0.75,1.54,0.37,0.62,1.31,1.94
12/5/2015,2,2,56,Mixed,Med,3,14:00,31,2162.560308,2179.265499,26.74,8.186593916,38.54901028,26.12,7.987141884,38.55566002,0.75,1.54,0.37,0.62,1.31,1.94
12/5/2015,2,2,57,Mixed,High,6,14:00,28,2149.985279,2170.756374,26.79,8.306817489,38.65307075,26.08,7.986034542,38.58940342,1.48,0.53,1.2,1.69,1.67,7.35
12/5/2015,2,2,58,Mixed,High,6,14:00,30,2158.4107,2170.756374,27.18,8.280641406,38.61816624,26.08,7.986034542,38.58940342,1.37,0.58,1.66,1.69,1.67,7.35
12/5/2015,2,2,59,Mixed,High,6,14:00,29,2155.969263,2170.756374,26.99,8.265099554,38.70411455,26.08,7.986034542,38.58940342,1.37,0.58,1.66,1.69,1.67,7.35
12/5/2015,2,2,60,Mixed,High,6,14:00,31,2158.187,2170.756374,26.42,8.191425749,38.59760828,26.08,7.986034542,38.58940342,1.37,0.58,1.66,1.69,1.67,7.35
12/5/2015,3,2,61,Mixed,Ambient,0,14:00,32,2138.739351,2186.49056,26.18,8.065409442,38.6526143,26.1,7.958800176,38.57252555,0.05,1.22,0.1,0.27,2.22,0.09
12/5/2015,3,2,62,Mixed,Ambient,0,14:00,31,2137.866095,2186.49056,26.29,8.058745314,38.63350278,26.1,7.958800176,38.57252555,0.05,1.22,0.1,0.27,2.22,0.09
12/5/2015,3,2,63,Mixed,Ambient,0,14:00,37,2142.83163,2186.49056,26.37,8.091224624,38.63966632,26.1,7.958800176,38.57252555,0.25,1.27,0.24,0.27,2.22,0.09
12/5/2015,3,2,64,Mixed,Ambient,0,14:00,30,2146.28,2186.49056,26.41,8.07212758,38.60601376,26.1,7.958800176,38.57252555,0.05,1.22,0.1,0.27,2.22,0.09
12/5/2015,3,2,65,Mixed,Med,3,14:00,28,2163.092297,2179.265499,26.21,8.130625746,38.62729461,26.12,7.987141884,38.55566002,0.76,0.79,0.38,0.62,1.31,1.94
12/5/2015,3,2,66,Mixed,Med,3,14:00,29,2173.448637,2179.265499,26.32,8.113840806,38.60823479,26.12,7.987141884,38.55566002,0.76,0.79,0.38,0.62,1.31,1.94
12/5/2015,3,2,67,Mixed,Med,3,14:00,29,2152.065918,2179.265499,26.34,8.091667785,38.66493795,26.12,7.987141884,38.55566002,0.76,0.79,0.38,0.62,1.31,1.94
12/5/2015,3,2,68,Mixed,Med,3,14:00,28,2148.132,2179.265499,26.34,8.128688875,38.59140481,26.12,7.987141884,38.55566002,0.76,0.79,0.38,0.62,1.31,1.94
12/5/2015,3,2,69,Mixed,High,6,14:00,27,2146.576,2170.756374,26.13,8.086351167,38.6948755,26.08,7.986034542,38.58940342,1.73,0.92,2.31,1.69,1.67,7.35
12/5/2015,3,2,70,Mixed,High,6,14:00,29,2162.339,2170.756374,26.08,8.110668225,38.58940342,26.08,7.986034542,38.58940342,1.73,0.92,2.31,1.69,1.67,7.35
12/5/2015,3,2,71,Mixed,High,6,14:00,28,2164.247,2170.756374,26.16,8.11284921,38.66950952,26.08,7.986034542,38.58940342,1.73,0.92,2.31,1.69,1.67,7.35
12/5/2015,3,2,72,Mixed,High,6,14:00,31,2153.839245,2170.756374,26.22,8.143944341,38.61886087,26.08,7.986034542,38.58940342,1.73,0.92,2.31,1.69,1.67,7.35
12/5/2015,1,2,37,Mixed,Ambient,0,18:00,,2156.771871,2179.192,26.24,8.012344991,38.52835183,25.7,7.907197062,38.54014875,0.26,1.14,0.07,0.27,2.22,0.09
12/5/2015,1,2,38,Mixed,Ambient,0,18:00,,2156.754887,2179.192,26.14,8.028950992,38.46503802,25.7,7.907197062,38.54014875,0.26,1.14,0.07,0.27,2.22,0.09
12/5/2015,1,2,39,Mixed,Ambient,0,18:00,,2152.783344,2179.192,26.36,8.029113756,37.98745309,25.7,7.907197062,38.54014875,0.26,1.14,0.07,0.27,2.22,0.09
12/5/2015,1,2,40,Mixed,Ambient,0,18:00,,2143.358551,2179.192,26.29,8.053696141,38.55991084,25.7,7.907197062,38.54014875,0.26,1.14,0.07,0.27,2.22,0.09
12/5/2015,1,2,41,Mixed,Med,3,18:00,,2173.402309,2181.194982,26.31,8.110623383,38.46956094,25.73,7.888224237,38.51473539,0.63,0.68,0.22,1.31,1.5,3.4
12/5/2015,1,2,42,Mixed,Med,3,18:00,,2169.725745,2181.194982,26.36,8.177188227,38.42765925,25.73,7.888224237,38.51473539,0.63,0.68,0.22,1.31,1.5,3.4
12/5/2015,1,2,43,Mixed,Med,3,18:00,,2152.879282,2181.194982,26.27,8.144880249,38.50313734,25.73,7.888224237,38.51473539,0.69,0.75,0.25,1.31,1.5,3.4
12/5/2015,1,2,44,Mixed,Med,3,18:00,,2160.332477,2181.194982,26.37,8.123194181,38.49272343,25.73,7.888224237,38.51473539,0.69,0.75,0.25,1.31,1.5,3.4
12/5/2015,1,2,45,Mixed,High,6,18:00,,2176.688481,2185.494565,26.36,8.141852273,38.50111115,25.77,7.901148658,38.55518579,1.39,0.44,1.13,3,1.2,8.03
12/5/2015,1,2,46,Mixed,High,6,18:00,,2167.758667,2185.494565,26.34,8.15224775,38.15071156,25.77,7.901148658,38.55518579,1.39,0.44,1.13,3,1.2,8.03
12/5/2015,1,2,47,Mixed,High,6,18:00,,2146.862092,2185.494565,26.32,8.117206585,38.46117449,25.77,7.901148658,38.55518579,1.39,0.44,1.13,3,1.2,8.03
12/5/2015,1,2,48,Mixed,High,6,18:00,,2157.107802,2185.494565,26.37,8.17198982,38.34587675,25.77,7.901148658,38.55518579,1.39,0.44,1.13,3,1.2,8.03
12/5/2015,2,2,49,Mixed,Ambient,0,18:00,,2186.829088,2179.192,25.86,7.984150932,38.55323771,25.7,7.907197062,38.54014875,0.23,0.79,0.11,0.27,2.22,0.09
12/5/2015,2,2,50,Mixed,Ambient,0,18:00,,2183.045012,2179.192,26.1,7.989114451,38.42487888,25.7,7.907197062,38.54014875,0.23,0.79,0.11,0.27,2.22,0.09
12/5/2015,2,2,51,Mixed,Ambient,0,18:00,,2179.079161,2179.192,25.8,7.991758834,38.52978707,25.7,7.907197062,38.54014875,0.23,0.79,0.11,0.27,2.22,0.09
12/5/2015,2,2,52,Mixed,Ambient,0,18:00,,2161.057252,2179.192,26.03,7.98843999,38.48377163,25.7,7.907197062,38.54014875,0.23,0.79,0.11,0.27,2.22,0.09
12/5/2015,2,2,53,Mixed,Med,3,18:00,,2163.083749,2181.194982,25.82,8.069012524,38.51287011,25.73,7.888224237,38.51473539,0.75,1.54,0.37,1.31,1.5,3.4
12/5/2015,2,2,54,Mixed,Med,3,18:00,,2165.487112,2181.194982,25.82,8.057212598,38.51287011,25.73,7.888224237,38.51473539,0.75,1.54,0.37,1.31,1.5,3.4
12/5/2015,2,2,55,Mixed,Med,3,18:00,,2158.630154,2181.194982,25.92,8.001822981,38.50253465,25.73,7.888224237,38.51473539,0.75,1.54,0.37,1.31,1.5,3.4
12/5/2015,2,2,56,Mixed,Med,3,18:00,,2168.069872,2181.194982,26.08,8.023087799,38.51553457,25.73,7.888224237,38.51473539,0.75,1.54,0.37,1.31,1.5,3.4
12/5/2015,2,2,57,Mixed,High,6,18:00,,2164.900206,2185.494565,25.97,8.068493915,38.60839982,25.77,7.901148658,38.55518579,1.48,0.53,1.2,3,1.2,8.03
12/5/2015,2,2,58,Mixed,High,6,18:00,,2162.49395,2185.494565,26.08,8.076983446,38.44169,25.77,7.901148658,38.55518579,1.37,0.58,1.66,3,1.2,8.03
12/5/2015,2,2,59,Mixed,High,6,18:00,,2175.664355,2185.494565,26.13,8.069511591,38.47344643,25.77,7.901148658,38.55518579,1.37,0.58,1.66,3,1.2,8.03
12/5/2015,2,2,60,Mixed,High,6,18:00,,2172.338125,2185.494565,25.79,8.018877145,38.46399255,25.77,7.901148658,38.55518579,1.37,0.58,1.66,3,1.2,8.03
12/5/2015,3,2,61,Mixed,Ambient,0,18:00,,2149.610342,2179.192,25.88,7.999031041,38.61047948,25.7,7.907197062,38.54014875,0.05,1.22,0.1,0.27,2.22,0.09
12/5/2015,3,2,62,Mixed,Ambient,0,18:00,,2158.459231,2179.192,26.04,7.986611276,38.47534914,25.7,7.907197062,38.54014875,0.05,1.22,0.1,0.27,2.22,0.09
12/5/2015,3,2,63,Mixed,Ambient,0,18:00,,2154.493575,2179.192,26.04,7.991664669,38.47534914,25.7,7.907197062,38.54014875,0.25,1.27,0.24,0.27,2.22,0.09
12/5/2015,3,2,64,Mixed,Ambient,0,18:00,,2162.328199,2179.192,26.07,7.98954731,38.22866219,25.7,7.907197062,38.54014875,0.05,1.22,0.1,0.27,2.22,0.09
12/5/2015,3,2,65,Mixed,Med,3,18:00,,2214.228414,2181.194982,25.81,8.075902495,38.52132704,25.73,7.888224237,38.51473539,0.76,0.79,0.38,1.31,1.5,3.4
12/5/2015,3,2,66,Mixed,Med,3,18:00,,2179.079161,2181.194982,26.01,8.034213595,38.35277578,25.73,7.888224237,38.51473539,0.76,0.79,0.38,1.31,1.5,3.4
12/5/2015,3,2,67,Mixed,Med,3,18:00,,2175.83651,2181.194982,25.98,8.041390161,38.59994207,25.73,7.888224237,38.51473539,0.76,0.79,0.38,1.31,1.5,3.4
12/5/2015,3,2,68,Mixed,Med,3,18:00,,2165.955848,2181.194982,26.04,8.050620914,38.47534914,25.73,7.888224237,38.51473539,0.76,0.79,0.38,1.31,1.5,3.4
12/5/2015,3,2,69,Mixed,High,6,18:00,,2179.284669,2185.494565,25.85,7.997779305,38.56169906,25.77,7.901148658,38.55518579,1.73,0.92,2.31,3,1.2,8.03
12/5/2015,3,2,70,Mixed,High,6,18:00,,2175.22344,2185.494565,25.78,8.01059275,38.32396654,25.77,7.901148658,38.55518579,1.73,0.92,2.31,3,1.2,8.03
12/5/2015,3,2,71,Mixed,High,6,18:00,,2184.897601,2185.494565,25.94,8.011643773,38.55971281,25.77,7.901148658,38.55518579,1.73,0.92,2.31,3,1.2,8.03
12/5/2015,3,2,72,Mixed,High,6,18:00,,2160.576864,2185.494565,25.98,8.041390161,38.52593029,25.77,7.901148658,38.55518579,1.73,0.92,2.31,3,1.2,8.03
12/5/2015,1,2,37,Mixed,Ambient,0,22:00,35,2178.057557,2183.543229,25.65,7.865738071,38.28483637,25.44,7.910877523,38.01442744,0.02,0.61,0.06,0.11,1.83,0.1
12/5/2015,1,2,38,Mixed,Ambient,0,22:00,34,2185.285472,2183.543229,25.53,7.877543753,38.53536637,25.44,7.910877523,38.01442744,0.02,0.61,0.06,0.11,1.83,0.1
12/5/2015,1,2,39,Mixed,Ambient,0,22:00,33,2170.655586,2183.543229,25.7,7.87178307,38.46576379,25.44,7.910877523,38.01442744,0.02,0.61,0.06,0.11,1.83,0.1
12/5/2015,1,2,40,Mixed,Ambient,0,22:00,35,2174.410848,2183.543229,25.55,7.880637219,38.59299727,25.44,7.910877523,38.01442744,0.02,0.61,0.06,0.11,1.83,0.1
12/5/2015,1,2,41,Mixed,Med,3,22:00,29,2184.789172,2189.036412,25.71,7.880074372,38.45730646,25.47,7.853071621,38.43696536,0.02,0.61,0.06,1.24,1.4,3.28
12/5/2015,1,2,42,Mixed,Med,3,22:00,25,2192.82311,2189.036412,25.62,7.903268736,38.38456768,25.47,7.853071621,38.43696536,0.87,0.5,0.27,1.24,1.4,3.28
12/5/2015,1,2,43,Mixed,Med,3,22:00,29,2187.386685,2189.036412,25.37,7.883168707,38.746607,25.47,7.853071621,38.43696536,0.87,0.5,0.27,1.24,1.4,3.28
12/5/2015,1,2,44,Mixed,Med,3,22:00,31,2167.117904,2189.036412,25.61,7.867985445,38.2441173,25.47,7.853071621,38.43696536,0.87,0.5,0.27,1.24,1.4,3.28
12/5/2015,1,2,45,Mixed,High,6,22:00,31,2190.776217,2182.540671,25.69,7.846626838,38.47422423,25.5,7.795277281,38.48619045,0.87,0.5,0.27,3.19,1.26,9.05
12/5/2015,1,2,46,Mixed,High,6,22:00,26,2188.175111,2182.540671,25.69,7.861804771,38.32549436,25.5,7.795277281,38.48619045,2.26,0.32,1.11,3.19,1.26,9.05
12/5/2015,1,2,47,Mixed,High,6,22:00,33,2179.206601,2182.540671,25.67,7.823294104,38.56559011,25.5,7.795277281,38.48619045,2.26,0.32,1.11,3.19,1.26,9.05
12/5/2015,1,2,48,Mixed,High,6,22:00,28,2182.203558,2182.540671,25.7,7.859978407,38.54014875,25.5,7.795277281,38.48619045,2.14,0.28,0.95,3.19,1.26,9.05
12/5/2015,2,2,49,Mixed,Ambient,0,22:00,36,2185.151615,2183.543229,25.33,7.870223662,38.40618151,25.44,7.910877523,38.01442744,2.14,0.28,0.95,0.11,1.83,0.1
12/5/2015,2,2,50,Mixed,Ambient,0,22:00,35,2177.685744,2183.543229,25.49,7.869667945,38.56937097,25.44,7.910877523,38.01442744,0.27,0.75,0.21,0.11,1.83,0.1
12/5/2015,2,2,51,Mixed,Ambient,0,22:00,37,2183.11255,2183.543229,25.21,7.887109122,38.43320766,25.44,7.910877523,38.01442744,0.27,0.75,0.21,0.11,1.83,0.1
12/5/2015,2,2,52,Mixed,Ambient,0,22:00,37,2172.8985,2183.543229,25.44,7.870369148,38.46241826,25.44,7.910877523,38.01442744,0.27,0.75,0.21,0.11,1.83,0.1
12/5/2015,2,2,53,Mixed,Med,3,22:00,27,2186.488764,2189.036412,25.26,7.869516541,38.61572784,25.47,7.853071621,38.43696536,0.27,0.75,0.21,1.24,1.4,3.28
12/5/2015,2,2,54,Mixed,Med,3,22:00,29,2185.518605,2189.036412,25.67,7.860398201,37.89655579,25.47,7.853071621,38.43696536,0.92,0.3,0.4,1.24,1.4,3.28
12/5/2015,2,2,55,Mixed,Med,3,22:00,31,2185.537324,2189.036412,25.37,7.864598015,38.3722495,25.47,7.853071621,38.43696536,0.92,0.3,0.4,1.24,1.4,3.28
12/5/2015,2,2,56,Mixed,Med,3,22:00,30,2175.933651,2189.036412,25.42,7.841954302,38.32990475,25.47,7.853071621,38.43696536,0.92,0.3,0.4,1.24,1.4,3.28
12/5/2015,2,2,57,Mixed,High,6,22:00,28,2183.114834,2182.540671,25.42,7.850394112,38.47940249,25.5,7.795277281,38.48619045,0.92,0.3,0.4,3.19,1.26,9.05
12/5/2015,2,2,58,Mixed,High,6,22:00,30,2177.271039,2182.540671,25.5,7.850965107,38.48619045,25.5,7.795277281,38.48619045,2.74,0.52,2.19,3.19,1.26,9.05
12/5/2015,2,2,59,Mixed,High,6,22:00,28,2183.416626,2182.540671,25.53,7.842109605,38.4607427,25.5,7.795277281,38.48619045,2.74,0.52,2.19,3.19,1.26,9.05
12/5/2015,2,2,60,Mixed,High,6,22:00,29,2193.597089,2182.540671,25.28,7.830394796,38.59864315,25.5,7.795277281,38.48619045,2.74,0.52,2.19,3.19,1.26,9.05
12/5/2015,3,2,61,Mixed,Ambient,0,22:00,33,2169.384016,2183.543229,25.37,7.876415728,38.52191783,25.44,7.910877523,38.01442744,2.74,0.52,2.19,0.11,1.83,0.1
12/5/2015,3,2,62,Mixed,Ambient,0,22:00,33,2178.057557,2183.543229,25.44,7.873744846,38.41734315,25.44,7.910877523,38.01442744,0.01,0.67,0.09,0.11,1.83,0.1
12/5/2015,3,2,63,Mixed,Ambient,0,22:00,39,2175.321303,2183.543229,25.47,7.866573056,38.43696536,25.44,7.910877523,38.01442744,0.01,0.67,0.09,0.11,1.83,0.1
12/5/2015,3,2,64,Mixed,Ambient,0,22:00,35,2185.873514,2183.543229,25.51,7.866012583,38.55236242,25.44,7.910877523,38.01442744,0.21,0.84,0.009,0.11,1.83,0.1
12/5/2015,3,2,65,Mixed,Med,3,22:00,29,2186.282628,2189.036412,25.31,7.88232423,38.57303975,25.47,7.853071621,38.43696536,0.21,0.84,0.009,1.24,1.4,3.28
12/5/2015,3,2,66,Mixed,Med,3,22:00,29,2188.881833,2189.036412,25.44,7.873744846,38.46241826,25.47,7.853071621,38.43696536,1,0.47,0.54,1.24,1.4,3.28
12/5/2015,3,2,67,Mixed,Med,3,22:00,30,2176.927351,2189.036412,25.46,7.839709409,38.29608503,25.47,7.853071621,38.43696536,1,0.47,0.54,1.24,1.4,3.28
12/5/2015,3,2,68,Mixed,Med,3,22:00,29,2174.689253,2189.036412,25.49,7.862917679,38.49467927,25.47,7.853071621,38.43696536,0.44,0.72,0.6,1.24,1.4,3.28
12/5/2015,3,2,69,Mixed,High,6,22:00,29,2179.265165,2182.540671,25.35,7.807473956,38.38920925,25.5,7.795277281,38.48619045,0.44,0.72,0.6,3.19,1.26,9.05
12/5/2015,3,2,70,Mixed,High,6,22:00,30,2176.500569,2182.540671,25.28,7.833772304,38.44866694,25.5,7.795277281,38.48619045,3.17,0.6,4.38,3.19,1.26,9.05
12/5/2015,3,2,71,Mixed,High,6,22:00,29,2195.692082,2182.540671,25.34,7.849822454,38.39769381,25.5,7.795277281,38.48619045,3.17,0.6,4.38,3.19,1.26,9.05
12/5/2015,3,2,72,Mixed,High,6,22:00,31,2176.65487,2182.540671,25.47,7.834507147,38.36228922,25.5,7.795277281,38.48619045,3.17,0.6,4.38,3.19,1.26,9.05
12/6/2015,1,2,37,Mixed,Ambient,0,2:00,,2164.661763,2187.163144,25.29,7.81168023,38.36523004,25.1,7.892037617,38.45177049,3.17,0.6,4.38,0.07,2.14,0.22
12/6/2015,1,2,38,Mixed,Ambient,0,2:00,,2180.012095,2187.163144,25.3,7.818296524,38.20698893,25.1,7.892037617,38.45177049,0.02,0.61,0.06,0.07,2.14,0.22
12/6/2015,1,2,39,Mixed,Ambient,0,2:00,,2175.437335,2187.163144,25.34,7.83293831,38.32284577,25.1,7.892037617,38.45177049,0.02,0.61,0.06,0.07,2.14,0.22
12/6/2015,1,2,40,Mixed,Ambient,0,2:00,,2171.037134,2187.163144,25.25,7.820677962,38.32421671,25.1,7.892037617,38.45177049,0.02,0.61,0.06,0.07,2.14,0.22
12/6/2015,1,2,41,Mixed,Med,3,2:00,,2173.465879,2164.115316,25.3,7.803098758,38.28185546,25.13,7.888235583,38.42620317,0.87,0.5,0.27,1.14,1.38,2.67
12/6/2015,1,2,42,Mixed,Med,3,2:00,,2180.152763,2164.115316,25.34,7.762024904,38.39769381,25.13,7.888235583,38.42620317,0.87,0.5,0.27,1.14,1.38,2.67
12/6/2015,1,2,43,Mixed,Med,3,2:00,,2168.064335,2164.115316,25.25,7.776765947,38.24926465,25.13,7.888235583,38.42620317,0.87,0.5,0.27,1.14,1.38,2.67
12/6/2015,1,2,44,Mixed,Med,3,2:00,,2193.246425,2164.115316,25.3,7.787900991,38.43166336,25.13,7.888235583,38.42620317,0.87,0.5,0.27,1.14,1.38,2.67
12/6/2015,1,2,45,Mixed,High,6,2:00,,2174.45322,2189.509864,25.28,7.729069562,37.47625585,25.15,7.884574965,38.40917403,2.26,0.32,1.11,3.41,1.47,9.07
12/6/2015,1,2,46,Mixed,High,6,2:00,,2184.693668,2189.509864,25.32,7.731904638,38.41467233,25.15,7.884574965,38.40917403,2.26,0.32,1.11,3.41,1.47,9.07
12/6/2015,1,2,47,Mixed,High,6,2:00,,2191.881495,2189.509864,25.29,7.722179273,38.44016358,25.15,7.884574965,38.40917403,2.14,0.28,0.95,3.41,1.47,9.07
12/6/2015,1,2,48,Mixed,High,6,2:00,,2172.735086,2189.509864,25.29,7.72386797,38.44016358,25.15,7.884574965,38.40917403,2.14,0.28,0.95,3.41,1.47,9.07
12/6/2015,2,2,49,Mixed,Ambient,0,2:00,,2185.746706,2187.163144,25.17,7.836991023,38.3170682,25.1,7.892037617,38.45177049,0.27,0.75,0.21,0.07,2.14,0.22
12/6/2015,2,2,50,Mixed,Ambient,0,2:00,,2185.154588,2187.163144,25.24,7.834328375,38.33269834,25.1,7.892037617,38.45177049,0.27,0.75,0.21,0.07,2.14,0.22
12/6/2015,2,2,51,Mixed,Ambient,0,2:00,,2188.158658,2187.163144,24.97,7.854988555,38.41204745,25.1,7.892037617,38.45177049,0.27,0.75,0.21,0.07,2.14,0.22
12/6/2015,2,2,52,Mixed,Ambient,0,2:00,,2172.95386,2187.163144,25.19,7.838402077,37.85029492,25.1,7.892037617,38.45177049,0.27,0.75,0.21,0.07,2.14,0.22
12/6/2015,2,2,53,Mixed,Med,3,2:00,,2178.039342,2164.115316,25.2,7.784208306,38.51680682,25.13,7.888235583,38.42620317,0.92,0.3,0.4,1.14,1.38,2.67
12/6/2015,2,2,54,Mixed,Med,3,2:00,,2189.896471,2164.115316,25.23,7.790552444,38.41619444,25.13,7.888235583,38.42620317,0.92,0.3,0.4,1.14,1.38,2.67
12/6/2015,2,2,55,Mixed,Med,3,2:00,,2186.172358,2164.115316,25.23,7.792241481,38.41619444,25.13,7.888235583,38.42620317,0.92,0.3,0.4,1.14,1.38,2.67
12/6/2015,2,2,56,Mixed,Med,3,2:00,,2172.529033,2164.115316,25.27,7.77818057,38.38220564,25.13,7.888235583,38.42620317,0.92,0.3,0.4,1.14,1.38,2.67
12/6/2015,2,2,57,Mixed,High,6,2:00,,2187.412733,2189.509864,25.22,7.767042694,38.19968908,25.15,7.884574965,38.40917403,2.74,0.52,2.19,3.41,1.47,9.07
12/6/2015,2,2,58,Mixed,High,6,2:00,,2198.649578,2189.509864,25.23,7.766905927,38.19123546,25.15,7.884574965,38.40917403,2.74,0.52,2.19,3.41,1.47,9.07
12/6/2015,2,2,59,Mixed,High,6,2:00,,2196.860659,2189.509864,25.23,7.746637485,38.26619677,25.15,7.884574965,38.40917403,2.74,0.52,2.19,3.41,1.47,9.07
12/6/2015,2,2,60,Mixed,High,6,2:00,,2173.975016,2189.509864,25.22,7.750151759,38.34967099,25.15,7.884574965,38.40917403,2.74,0.52,2.19,3.41,1.47,9.07
12/6/2015,3,2,61,Mixed,Ambient,0,2:00,,2185.799032,2187.163144,25.2,7.829816887,38.36665617,25.1,7.892037617,38.45177049,0.01,0.67,0.09,0.07,2.14,0.22
12/6/2015,3,2,62,Mixed,Ambient,0,2:00,,2180.637876,2187.163144,25.21,7.827988868,38.50827833,25.1,7.892037617,38.45177049,0.01,0.67,0.09,0.07,2.14,0.22
12/6/2015,3,2,63,Mixed,Ambient,0,2:00,,2182.350392,2187.163144,25.21,7.827988868,38.43320766,25.1,7.892037617,38.45177049,0.21,0.84,0.009,0.07,2.14,0.22
12/6/2015,3,2,64,Mixed,Ambient,0,2:00,,2185.946801,2187.163144,25.26,7.827294864,38.1658933,25.1,7.892037617,38.45177049,0.21,0.84,0.009,0.07,2.14,0.22
12/6/2015,3,2,65,Mixed,Med,3,2:00,,2192.203254,2164.115316,25.16,7.806720336,38.4757957,25.13,7.888235583,38.42620317,1,0.47,0.54,1.14,1.38,2.67
12/6/2015,3,2,66,Mixed,Med,3,2:00,,2188.695583,2164.115316,25.2,7.811235614,38.36665617,25.13,7.888235583,38.42620317,1,0.47,0.54,1.14,1.38,2.67
12/6/2015,3,2,67,Mixed,Med,3,2:00,,2185.701476,2164.115316,25.2,7.819681647,38.44171898,25.13,7.888235583,38.42620317,0.44,0.72,0.6,1.14,1.38,2.67
12/6/2015,3,2,68,Mixed,Med,3,2:00,,2188.906509,2164.115316,25.2,7.796032753,38.44171898,25.13,7.888235583,38.42620317,0.44,0.72,0.6,1.14,1.38,2.67
12/6/2015,3,2,69,Mixed,High,6,2:00,,2193.516253,2189.509864,25.14,7.724208751,38.41768703,25.15,7.884574965,38.40917403,3.17,0.6,4.38,3.41,1.47,9.07
12/6/2015,3,2,70,Mixed,High,6,2:00,,2194.483806,2189.509864,25.15,7.752794755,38.48432275,25.15,7.884574965,38.40917403,3.17,0.6,4.38,3.41,1.47,9.07
12/6/2015,3,2,71,Mixed,High,6,2:00,,2193.48181,2189.509864,25.21,7.787449266,38.35816201,25.15,7.884574965,38.40917403,3.17,0.6,4.38,3.41,1.47,9.07
12/6/2015,3,2,72,Mixed,High,6,2:00,,2190.652902,2189.509864,25.16,7.747590173,38.40066418,25.15,7.884574965,38.40917403,3.17,0.6,4.38,3.41,1.47,9.07
12/6/2015,1,2,37,Mixed,Ambient,0,6:00,,2160.974636,2177.121562,24.96,7.789196153,38.34518173,24.83,7.890770767,38.15395045,3.17,0.6,4.38,0.03,2.88,0.16
12/6/2015,1,2,38,Mixed,Ambient,0,6:00,,2166.149154,2177.121562,24.94,7.814831339,38.06073748,24.83,7.890770767,38.15395045,0.04,0.9,0.14,0.03,2.88,0.16
12/6/2015,1,2,39,Mixed,Ambient,0,6:00,,2162.017585,2177.121562,25.02,7.822175821,37.69265012,24.83,7.890770767,38.15395045,0.04,0.9,0.14,0.03,2.88,0.16
12/6/2015,1,2,40,Mixed,Ambient,0,6:00,,2164.907076,2177.121562,24.94,7.802996578,38.58860951,24.83,7.890770767,38.15395045,0.04,0.9,0.14,0.03,2.88,0.16
12/6/2015,1,2,41,Mixed,Med,3,6:00,,2194.224871,2172.733242,24.98,7.778778465,37.87648064,24.82,7.884146211,38.16244321,0.04,0.9,0.14,1.26,2.57,3.53
12/6/2015,1,2,42,Mixed,Med,3,6:00,,2202.543406,2172.733242,25.08,7.743609518,38.0928619,24.82,7.884146211,38.16244321,0.04,0.9,0.14,1.26,2.57,3.53
12/6/2015,1,2,43,Mixed,Med,3,6:00,,2188.970048,2172.733242,24.95,7.753830553,38.05228238,24.82,7.884146211,38.16244321,0.04,0.9,0.14,1.26,2.57,3.53
12/6/2015,1,2,44,Mixed,Med,3,6:00,,2172.724691,2172.733242,24.96,7.752003687,38.26980604,24.82,7.884146211,38.16244321,0.04,0.9,0.14,1.26,2.57,3.53
12/6/2015,1,2,45,Mixed,High,6,6:00,,2191.796648,2182.706242,25,7.699058218,36.80978727,24.81,7.879212623,38.47333,0.3,1.84,1.4,3.05,1.25,7.9
12/6/2015,1,2,46,Mixed,High,6,6:00,,2181.168058,2182.706242,25.02,7.708930648,38.14360239,24.81,7.879212623,38.47333,0.3,1.84,1.4,3.05,1.25,7.9
12/6/2015,1,2,47,Mixed,High,6,6:00,,2176.470028,2182.706242,24.99,7.709335068,38.47333,24.81,7.879212623,38.47333,0.3,1.84,1.4,3.05,1.25,7.9
12/6/2015,1,2,48,Mixed,High,6,6:00,,2180.003908,2182.706242,25,7.695677539,38.08528474,24.81,7.879212623,38.47333,0.3,1.84,1.4,3.05,1.25,7.9
12/6/2015,2,2,49,Mixed,Ambient,0,6:00,,2173.061159,2177.121562,24.91,7.822009796,38.15395045,24.83,7.890770767,38.15395045,0.04,0.9,0.14,0.03,2.88,0.16
12/6/2015,2,2,50,Mixed,Ambient,0,6:00,,2164.302249,2177.121562,24.96,7.865271653,38.19445558,24.83,7.890770767,38.15395045,0.04,0.9,0.14,0.03,2.88,0.16
12/6/2015,2,2,51,Mixed,Ambient,0,6:00,,2185.270107,2177.121562,24.69,7.841980592,38.04598345,24.83,7.890770767,38.15395045,0.04,0.9,0.14,0.03,2.88,0.16
12/6/2015,2,2,52,Mixed,Ambient,0,6:00,,2160.302209,2177.121562,24.88,7.819043527,38.15395045,24.83,7.890770767,38.15395045,0.04,0.9,0.14,0.03,2.88,0.16
12/6/2015,2,2,53,Mixed,Med,3,6:00,,2189.556895,2172.733242,24.89,7.76141228,38.16244321,24.82,7.884146211,38.16244321,0.65,0.5,0.22,1.26,2.57,3.53
12/6/2015,2,2,54,Mixed,Med,3,6:00,,2168.971685,2172.733242,24.93,7.769319793,38.16244321,24.82,7.884146211,38.16244321,0.65,0.5,0.22,1.26,2.57,3.53
12/6/2015,2,2,55,Mixed,Med,3,6:00,,2167.713421,2172.733242,25,7.783575211,38.16244321,24.82,7.884146211,38.16244321,0.21,0.82,0.07,1.26,2.57,3.53
12/6/2015,2,2,56,Mixed,Med,3,6:00,,2184.691946,2172.733242,25.01,7.774986494,38.07683116,24.82,7.884146211,38.16244321,0.21,0.82,0.07,1.26,2.57,3.53
12/6/2015,2,2,57,Mixed,High,6,6:00,,2181.812661,2182.706242,24.91,7.740848984,38.08612156,24.81,7.879212623,38.47333,0.14,1.18,0.08,3.05,1.25,7.9
12/6/2015,2,2,58,Mixed,High,6,6:00,,2184.461026,2182.706242,24.94,7.759038896,38.13607198,24.81,7.879212623,38.47333,0.14,1.18,0.08,3.05,1.25,7.9
12/6/2015,2,2,59,Mixed,High,6,6:00,,2188.952816,2182.706242,24.97,7.719747759,38.3366638,24.81,7.879212623,38.47333,0.14,1.18,0.08,3.05,1.25,7.9
12/6/2015,2,2,60,Mixed,High,6,6:00,,2192.014154,2182.706242,24.94,7.743822775,38.47333,24.81,7.879212623,38.47333,0.14,1.18,0.08,3.05,1.25,7.9
12/6/2015,3,2,61,Mixed,Ambient,0,6:00,,2152.463017,2177.121562,24.96,7.82131692,38.11913038,24.83,7.890770767,38.15395045,0.04,0.9,0.14,0.03,2.88,0.16
12/6/2015,3,2,62,Mixed,Ambient,0,6:00,,2170.34048,2177.121562,24.97,7.816106826,37.9601241,24.83,7.890770767,38.15395045,0.04,0.9,0.14,0.03,2.88,0.16
12/6/2015,3,2,63,Mixed,Ambient,0,6:00,,2164.593267,2177.121562,24.96,7.814554653,38.04383041,24.83,7.890770767,38.15395045,0.04,0.9,0.14,0.03,2.88,0.16
12/6/2015,3,2,64,Mixed,Ambient,0,6:00,,2184.027164,2177.121562,25.01,7.81555329,37.85126558,24.83,7.890770767,38.15395045,0.04,0.9,0.14,0.03,2.88,0.16
12/6/2015,3,2,65,Mixed,Med,3,6:00,,2177.556872,2172.733242,24.89,7.790158663,38.16244321,24.82,7.884146211,38.16244321,0.13,0.6,0.14,1.26,2.57,3.53
12/6/2015,3,2,66,Mixed,Med,3,6:00,,2167.315901,2172.733242,24.94,7.797924538,38.16244321,24.82,7.884146211,38.16244321,0.13,0.6,0.14,1.26,2.57,3.53
12/6/2015,3,2,67,Mixed,Med,3,6:00,,2166.46445,2172.733242,24.96,7.797648987,38.19445558,24.82,7.884146211,38.16244321,0.13,0.6,0.14,1.26,2.57,3.53
12/6/2015,3,2,68,Mixed,Med,3,6:00,,2189.837697,2172.733242,24.97,7.777225097,38.11066427,24.82,7.884146211,38.16244321,0.13,0.6,0.14,1.26,2.57,3.53
12/6/2015,3,2,69,Mixed,High,6,6:00,,2172.803931,2182.706242,24.88,7.719273321,38.18697213,24.81,7.879212623,38.47333,2.09,0.58,0.07,3.05,1.25,7.9
12/6/2015,3,2,70,Mixed,High,6,6:00,,2177.958741,2182.706242,24.9,7.730839406,37.56747191,24.81,7.879212623,38.47333,2.09,0.58,0.07,3.05,1.25,7.9
12/6/2015,3,2,71,Mixed,High,6,6:00,,2173.028955,2182.706242,25,7.768362152,38.16054092,24.81,7.879212623,38.47333,2.09,0.58,0.07,3.05,1.25,7.9
12/6/2015,3,2,72,Mixed,High,6,6:00,,2169.851564,2182.706242,24.92,7.718732808,37.85170155,24.81,7.879212623,38.47333,2.09,0.58,0.07,3.05,1.25,7.9
12/6/2015,1,2,37,Mixed,Ambient,0,10:00,37,2155.980645,2173.837138,25.47,7.866573056,38.36228922,25.02,7.916828503,38.14360239,0.03,1.34,0.2,0.03,2.29,0.18
12/6/2015,1,2,38,Mixed,Ambient,0,10:00,33,2166.972064,2173.837138,25.32,7.885560648,38.19010045,25.02,7.916828503,38.14360239,0.03,1.34,0.2,0.1,2.82,0.14
12/6/2015,1,2,39,Mixed,Ambient,0,10:00,35,2148.617388,2173.837138,25.51,7.899761651,37.88133508,25.02,7.916828503,38.14360239,0.03,1.34,0.2,0.1,2.82,0.14
12/6/2015,1,2,40,Mixed,Ambient,0,10:00,36,2148.814116,2173.837138,25.51,7.889636931,38.17932175,25.02,7.916828503,38.14360239,0.03,1.34,0.2,0.1,2.82,0.14
12/6/2015,1,2,41,Mixed,Med,3,10:00,30,2165.80869,2174.0443,25.45,7.882043447,38.45393084,25.01,7.932182827,38.37793809,1.21,0.84,0.35,1.28,1.88,2.78
12/6/2015,1,2,42,Mixed,Med,3,10:00,27,2171.018258,2174.0443,25.48,7.891747275,38.27919384,25.01,7.932182827,38.37793809,1.21,0.84,0.35,1.28,1.88,2.78
12/6/2015,1,2,43,Mixed,Med,3,10:00,29,2156.916889,2174.0443,25.5,7.883027795,38.11318872,25.01,7.932182827,38.37793809,1.21,0.84,0.35,1.28,1.88,2.78
12/6/2015,1,2,44,Mixed,Med,3,10:00,31,2148.417037,2174.0443,25.59,7.890196843,38.26096179,25.01,7.932182827,38.37793809,1.21,0.84,0.35,1.28,1.88,2.78
12/6/2015,1,2,45,Mixed,High,6,10:00,31,2161.324819,2191.997136,25.56,7.843378857,38.43532302,24.95,7.936417876,38.27830983,2.58,0.68,1.68,2.59,2.36,8.35
12/6/2015,1,2,46,Mixed,High,6,10:00,27,2183.322087,2191.997136,25.43,7.824935952,38.39616456,24.95,7.936417876,38.27830983,2.58,0.68,1.68,2.59,2.36,8.35
12/6/2015,1,2,47,Mixed,High,6,10:00,35,2154.861845,2191.997136,25.53,7.887667795,38.4607427,24.95,7.936417876,38.27830983,2.58,0.68,1.68,2.59,2.36,8.35
12/6/2015,1,2,48,Mixed,High,6,10:00,30,2163.747048,2191.997136,25.61,7.867985445,38.31855588,24.95,7.936417876,38.27830983,2.58,0.68,1.68,2.59,2.36,8.35
12/6/2015,2,2,49,Mixed,Ambient,0,10:00,38,2158.526616,2173.837138,25.41,7.918054436,38.41312095,25.02,7.916828503,38.14360239,0.06,2.47,0.08,0.1,2.82,0.14
12/6/2015,2,2,50,Mixed,Ambient,0,10:00,36,2167.512592,2173.837138,25.4,7.886122856,38.34683329,25.02,7.916828503,38.14360239,0.06,2.47,0.08,0.1,2.82,0.14
12/6/2015,2,2,51,Mixed,Ambient,0,10:00,38,2163.458592,2173.837138,25.13,7.915269234,38.42620317,25.02,7.916828503,38.14360239,0.06,2.47,0.08,0.1,2.82,0.14
12/6/2015,2,2,52,Mixed,Ambient,0,10:00,39,2173.600332,2173.837138,25.49,7.898356573,38.34537024,25.02,7.916828503,38.14360239,0.06,2.47,0.08,0.1,2.82,0.14
12/6/2015,2,2,53,Mixed,Med,3,10:00,28,2183.747009,2174.0443,25.36,7.9069456,38.38072781,25.01,7.932182827,38.37793809,1.3,0.68,0.35,1.28,1.88,2.78
12/6/2015,2,2,54,Mixed,Med,3,10:00,30,2177.528677,2174.0443,25.36,7.884997683,38.38072781,25.01,7.932182827,38.37793809,1.3,0.68,0.35,1.28,1.88,2.78
12/6/2015,2,2,55,Mixed,Med,3,10:00,32,2155.545089,2174.0443,25.37,7.903427644,38.44707122,25.01,7.932182827,38.37793809,1.3,0.68,0.35,1.28,1.88,2.78
12/6/2015,2,2,56,Mixed,Med,3,10:00,31,2171.928104,2174.0443,25.38,7.86952253,38.13950964,25.01,7.932182827,38.37793809,1.3,0.68,0.35,1.28,1.88,2.78
12/6/2015,2,2,57,Mixed,High,6,10:00,30,2177.725005,2191.997136,25.44,7.944634503,38.38769105,24.95,7.936417876,38.27830983,2.58,0.68,1.68,2.59,2.36,8.35
12/6/2015,2,2,58,Mixed,High,6,10:00,31,2183.05425,2191.997136,25.55,7.917756221,38.36922816,24.95,7.936417876,38.27830983,2.58,0.68,1.68,2.59,2.36,8.35
12/6/2015,2,2,59,Mixed,High,6,10:00,28,2164.701176,2191.997136,25.42,7.84870615,38.10584449,24.95,7.936417876,38.27830983,2.58,0.68,1.68,2.59,2.36,8.35
12/6/2015,2,2,60,Mixed,High,6,10:00,30,2172.215715,2191.997136,25.33,7.887108372,38.33131637,24.95,7.936417876,38.27830983,2.58,0.68,1.68,2.59,2.36,8.35
12/6/2015,3,2,61,Mixed,Ambient,0,10:00,33,2169.747796,2173.837138,25.43,7.929586093,38.32144515,25.02,7.916828503,38.14360239,0.22,2.01,0.23,0.1,2.82,0.14
12/6/2015,3,2,62,Mixed,Ambient,0,10:00,32,2153.604798,2173.837138,25.49,7.911857104,38.42001236,25.02,7.916828503,38.14360239,0.22,2.01,0.23,0.1,2.82,0.14
12/6/2015,3,2,63,Mixed,Ambient,0,10:00,39,2171.326493,2173.837138,25.55,7.909320084,38.44379313,25.02,7.916828503,38.14360239,0.22,2.01,0.23,0.1,2.82,0.14
12/6/2015,3,2,64,Mixed,Ambient,0,10:00,35,2168.038561,2173.837138,25.51,7.901449104,38.32846371,25.02,7.916828503,38.14360239,0.22,2.01,0.23,0.1,2.82,0.14
12/6/2015,3,2,65,Mixed,Med,3,10:00,29,2183.309188,2174.0443,25.42,7.93141629,38.47940249,25.01,7.932182827,38.37793809,1.3,0.68,0.35,1.28,1.88,2.78
12/6/2015,3,2,66,Mixed,Med,3,10:00,29,2183.09135,2174.0443,25.56,7.934486086,37.98840593,25.01,7.932182827,38.37793809,1.3,0.68,0.35,1.28,1.88,2.78
12/6/2015,3,2,67,Mixed,Med,3,10:00,31,2166.523234,2174.0443,25.5,7.928590561,38.26231507,25.01,7.932182827,38.37793809,1.3,0.68,0.35,1.28,1.88,2.78
12/6/2015,3,2,68,Mixed,Med,3,10:00,30,2145.262908,2174.0443,25.55,7.909320084,38.36922816,25.01,7.932182827,38.37793809,1.3,0.68,0.35,1.28,1.88,2.78
12/6/2015,3,2,69,Mixed,High,6,10:00,28,2164.685435,2191.997136,25.43,7.882324739,38.39616456,24.95,7.936417876,38.27830983,2.63,0.63,2.6,2.59,2.36,8.35
12/6/2015,3,2,70,Mixed,High,6,10:00,30,2178.413478,2191.997136,25.4,7.88105863,38.42160383,24.95,7.936417876,38.27830983,2.63,0.63,2.6,2.59,2.36,8.35
12/6/2015,3,2,71,Mixed,High,6,10:00,30,2185.018646,2191.997136,25.43,7.900891699,38.47090881,24.95,7.936417876,38.27830983,2.63,0.63,2.6,2.59,2.36,8.35
12/6/2015,3,2,72,Mixed,High,6,10:00,32,2155.334726,2191.997136,25.51,7.889636931,38.40307184,24.95,7.936417876,38.27830983,2.63,0.63,2.6,2.59,2.36,8.35
